Workbook

Sheet Movies
A1: Movie Name | B1: Release Date | C1: Genre | D1: IMDB | E1: Rotten | F1: Final Score | G1: Protagonist | H1: Antagonist | I1: Soundtrack | J1: Set Design | K1: Plot | L1: Ending | M1: Runtime | N1: Date Watched | O1: Style | P1: Show or Movie | Q1: Diff IMDB | R1: Diff Rotten
A2: Dune: Part Two | B2: 01 Mar 2024 | C2: Action, Adventure, Drama | D2: 8.5 | E2: 0.92 | F2: 9.8333333 | G2: 9.8 | H2: 9.6 | I2: 10 | J2: 10 | K2: 9.8 | L2: 9.8 | M2: 166 min | N2: 45625 | O2: Live Action | P2: Movie
A3: Interstellar | B3: 07 Nov 2014 | C3: Adventure, Drama, Sci-Fi | D3: 8.7 | E3: 0.73 | F3: 9.8166667 | G3: 10 | H3: 9.5 | I3: 10 | J3: 10 | K3: 9.7 | L3: 9.7 | M3: 169 min | N3: 45608 | O3: Live Action | P3: Movie
A4: Gladiator | B4: 05 May 2000 | C4: Action, Adventure, Drama | D4: 8.5 | E4: 0.8 | F4: 9.6333333 | G4: 10 | H4: 9.1 | I4: 9.8 | J4: 9.2 | K4: 9.7 | L4: 10 | M4: 155 min | N4: 45627 | O4: Live Action | P4: Movie
A5: Dune | B5: 14 Dec 1984 | C5: Action, Adventure, Sci-Fi | D5: 6.3 | E5: 0.36 | F5: 9.6166667 | G5: 9.5 | H5: 9.4 | I5: 10 | J5: 9.9 | K5: 9.5 | L5: 9.4 | M5: 137 min | N5: 45625 | O5: Live Action | P5: Movie
A6: The Prestige | B6: 20 Oct 2006 | C6: Drama, Mystery, Sci-Fi | D6: 8.5 | E6: 0.77 | F6: 9.5333333 | G6: 9.4 | H6: 9.4 | I6: 9.3 | J6: 9.2 | K6: 9.9 | L6: 10 | M6: 130 min | N6: 45808 | O6: Live Action | P6: Movie
A7: Se7en | B7: 22 Sep 1995 | C7: Crime, Drama, Mystery | D7: 8.6 | E7: 0.84 | F7: 9.5166667 | G7: 9.3 | H7: 10 | I7: 8.5 | J7: 9.3 | K7: 10 | L7: 10 | M7: 127 min | N7: 46042 | O7: Live Action | P7: Movie
A8: 1917 | B8: 10 Jan 2020 | C8: Action, Drama, War | D8: 8.2 | E8: 0.88 | F8: 9.45 | G8: 9.2 | H8: 8.9 | I8: 9.7 | J8: 9.7 | K8: 9.8 | L8: 9.4 | M8: 119 min | N8: 45628 | O8: Live Action | P8: Movie
A9: Whiplash | B9: 15 Oct 2014 | C9: Drama, Music | D9: 8.5 | E9: 0.94 | F9: 9.4333333 | G9: 9.4 | H9: 10 | I9: 9.4 | J9: 8.5 | K9: 9.4 | L9: 9.9 | M9: 106 min | N9: 45858 | O9: Live Action | P9: Movie
A10: Inception | B10: 16 Jul 2010 | C10: Action, Adventure, Sci-Fi | D10: 8.8 | E10: 0.87 | F10: 9.4 | G10: 9 | H10: 8.7 | I10: 10 | J10: 9.3 | K10: 9.7 | L10: 9.7 | M10: 148 min | N10: 45608 | O10: Live Action | P10: Movie
A11: Edge Of Tomorrow | B11: 06 Jun 2014 | C11: Action, Adventure, Sci-Fi | D11: 7.9 | E11: 0.91 | F11: 9.35 | G11: 8.9 | H11: 9.5 | I11: 8.4 | J11: 9.5 | K11: 9.9 | L11: 9.9 | M11: 113 min | N11: 45628 | O11: Live Action | P11: Movie
A12: The Martian | B12: 02 Oct 2015 | C12: Adventure, Drama, Sci-Fi | D12: 8 | E12: 0.91 | F12: 9.2666667 | G12: 9.3 | H12: 9.2 | I12: 9.5 | J12: 9.2 | K12: 9.3 | L12: 9.1 | M12: 144 min | N12: 45874 | O12: Live Action | P12: Movie
A13: Gladiator II | B13: 22 Nov 2024 | C13: Action, Adventure, Drama | D13: 6.5 | E13: 0.7 | F13: 9.2666667 | G13: 9.3 | H13: 8.7 | I13: 9.3 | J13: 9.6 | K13: 9.6 | L13: 9.1 | M13: 148 min | N13: 45627 | O13: Live Action | P13: Movie
... A21: Spider-Man: No Way Home | B21: 17 Dec 2021 | C21: Action, Adventure, Fantasy | D21: 8.2 | E21: 0.93 | F21: 9.2 | G21: 9 | H21: 9 | I21: 8.7 | J21: 9.1 | K21: 9.5 | L21: 9.9 | M21: 148 min | N21: 45628 | O21: Live Action | P21: Movie
A22: Project Hail Mary | B22: 20 Mar 2026 | C22: Adventure, Comedy, Drama | D22: 8.3 | E22: 0.94 | F22: 9.2 | G22: 9.1 | H22: 8.5 | I22: 9.4 | J22: 9.8 | K22: 9.3 | L22: 9.1 | M22: 156 min | N22: 46187
A23: Oppenheimer | B23: 21 Jul 2023 | C23: Biography, Drama, History | D23: 8.3 | E23: 0.93 | F23: 9.1333333 | G23: 9.3 | H23: 8.8 | I23: 9.7 | J23: 8.9 | K23: 9.3 | L23: 8.8 | M23: 180 min | N23: 45628 | O23: Live Action | P23: Movie
A24: Avengers: Infinity War | B24: 27 Apr 2018 | C24: Action, Adventure, Sci-Fi | D24: 8.4 | E24: 0.85 | F24: 9.05 | G24: 9.4 | H24: 9.5 | I24: 9.3 | J24: 9.1 | K24: 8.5 | L24: 8.5 | M24: 149 min | N24: 45628 | O24: Live Action | P24: Movie
A25: The Lord of the Rings: The Two Towers | B25: 18 Dec 2002 | C25: Adventure, Drama, Fantasy | D25: 8.8 | E25: 0.95 | F25: 9.0166667 | G25: 9.4 | H25: 9.3 | I25: 9.1 | J25: 9 | K25: 8.7 | L25: 8.6 | M25: 179 min | N25: 45948 | O25: Live Action | P25: Movie
A26: Sinners | B26: 18 Apr 2025 | C26: Action, Drama, Horror | D26: 7.6 | E26: 0.97 | F26: 9.0166667 | G26: 8.8 | H26: 8.8 | I26: 8.9 | J26: 8.2 | K26: 9.6 | L26: 9.8 | M26: 137 min | N26: 45765 | O26: Live Action | P26: Movie
A27: Only the Brave | B27: 20 Oct 2017 | C27: Action, Biography, Drama | D27: 7.6 | E27: 0.87 | F27: 9 | G27: 8.7 | H27: 8.7 | I27: 8.8 | J27: 8.7 | K27: 9.5 | L27: 9.6 | M27: 134 min | N27: 45874 | O27: Live Action | P27: Movie
A28: Vesper | B28: 30 Sep 2022 | C28: Adventure, Drama, Sci-Fi | D28: 6 | E28: 0.91 | F28: 9 | G28: 8.9 | H28: 9.4 | I28: 8.7 | J28: 10 | K28: 8.3 | L28: 8.7 | M28: 114 min | N28: 46086 | O28: Live Action | P28: Movie
A29: How To Train Your Dragon 2 | B29: 13 Jun 2014 | C29: Animation, Action, Adventure | D29: 7.8 | E29: 0.92 | F29: 9 | G29: 9.2 | H29: 9.1 | I29: 9.5 | J29: 8.9 | K29: 8.4 | L29: 8.9 | M29: 102 min | N29: 45925 | O29: Live Action | P29: Movie
A30: Tenet | B30: 03 Sep 2020 | C30: Action, Sci-Fi, Thriller | D30: 7.3 | E30: 0.7 | F30: 8.9833333 | G30: 8.4 | H30: 7.9 | I30: 9.2 | J30: 9.6 | K30: 9.7 | L30: 9.1 | M30: 150 min | N30: 45608 | O30: Live Action | P30: Movie
A31: Before Sunset | B31: 30 Jul 2004 | C31: Drama, Romance | D31: 8.1 | E31: 0.94 | F31: 8.9666667 | G31: 9.5 | H31: 9.3 | I31: 8 | J31: 7.5 | K31: 9.8 | L31: 9.7 | M31: 80 min | N31: 46245 | O31: Live Action | P31: Movie
A32: Sicario | B32: 02 Oct 2015 | C32: Action, Crime, Drama | D32: 7.7 | E32: 0.92 | F32: 8.9 | G32: 8.9 | H32: 9.2 | I32: 8.4 | J32: 8.7 | K32: 9.3 | L32: 8.9 | M32: 121 min | N32: 45863 | O32: Live Action | P32: Movie
A33: The Lord of the Rings: The Fellowship of the Ring | B33: 19 Dec 2001 | C33: Adventure, Drama, Fantasy | D33: 8.9 | E33: 0.92 | F33: 8.9 | G33: 9.3 | H33: 8.6 | I33: 9.9 | J33: 8.8 | K33: 8.3 | L33: 8.5 | M33: 178 min | N33: 45948 | O33: Live Action | P33: Movie
A34: Memories of Murder | B34: 02 May 2003 | C34: Crime, Drama, Mystery | D34: 8.1 | F34: 8.8833333 | G34: 8.7 | H34: 8.6 | I34: 8.5 | J34: 7.9 | K34: 9.6 | L34: 10 | M34: 132 min | N34: 45875 | O34: Live Action | P34: Movie
A35: The Accountant | B35: 14 Oct 2016 | C35: Action, Crime, Drama | D35: 7.3 | E35: 0.53 | F35: 8.8833333 | G35: 9.5 | H35: 9.2 | I35: 7.7 | J35: 8.6 | K35: 9.4 | L35: 8.9 | M35: 128 min | N35: 45863 | O35: Live Action | P35: Movie
A36: Saving Private Ryan | B36: 24 Jul 1998 | C36: Drama, War | D36: 8.6 | E36: 0.94 | F36: 8.85 | G36: 8.8 | H36: 8.8 | I36: 8.8 | J36: 8.8 | K36: 9.3 | L36: 8.6 | M36: 169 min | N36: 45646 | O36: Live Action | P36: Movie
A37: Good Will Hunting | B37: 09 Jan 1998 | C37: Drama, Romance | D37: 8.3 | E37: 0.97 | F37: 8.8333333 | G37: 9.7 | H37: 9.7 | I37: 7.1 | J37: 7.2 | K37: 9.6 | L37: 9.7 | M37: 126 min | N37: 45874 | O37: Live Action | P37: Movie
A38: Pacific Rim | B38: 12 Jul 2013 | C38: Action, Adventure, Sci-Fi | D38: 6.9 | E38: 0.72 | F38: 8.8333333 | G38: 8.8 | H38: 8.8 | I38: 8.7 | J38: 9.4 | K38: 9.2 | L38: 8.1 | M38: 131 min | N38: 45625 | O38: Live Action | P38: Movie
A39: Her | B39: 10 Jan 2014 | C39: Drama, Romance, Sci-Fi | D39: 8 | E39: 0.95 | F39: 8.8 | G39: 8.8 | H39: 9.3 | I39: 7.5 | J39: 8.9 | K39: 9 | L39: 9.3 | M39: 126 min | N39: 45997 | O39: Live Action | P39: Movie
A40: Blade Runner 2049 | B40: 06 Oct 2017 | C40: Action, Drama, Mystery | D40: 8 | E40: 0.88 | F40: 8.8 | G40: 8.5 | H40: 8.7 | I40: 7.8 | J40: 9.1 | K40: 8.9 | L40: 9.8 | M40: 164 min | N40: 45747 | O40: Live Action | P40: Movie
A41: The Imitation Game | B41: 25 Dec 2014 | C41: Biography, Drama, Thriller | D41: 8 | E41: 0.9 | F41: 8.7666667 | G41: 8.9 | H41: 8.1 | I41: 9.2 | J41: 8.4 | K41: 9.1 | L41: 8.9 | M41: 114 min | N41: 45874 | O41: Live Action | P41: Movie
A42: Deadpool & Wolverine | B42: 26 Jul 2024 | C42: Action, Adventure, Comedy | D42: 7.5 | E42: 0.78 | F42: 8.75 | G42: 8.9 | H42: 7.5 | I42: 9.3 | J42: 8.7 | K42: 8.9 | L42: 9.2 | M42: 128 min | N42: 45625 | O42: Live Action | P42: Movie
A43: Everything Everywhere All At Once | B43: 08 Apr 2022 | C43: Action, Adventure, Comedy | D43: 7.8 | E43: 0.94 | F43: 8.7333333 | G43: 8.7 | H43: 8.8 | I43: 7.7 | J43: 9.1 | K43: 8.9 | L43: 9.2 | M43: 139 min | N43: 45874 | O43: Live Action | P43: Movie
A44: One Battle After Another | B44: 26 Sep 2025 | C44: Action, Crime, Drama | D44: 7.7 | E44: 0.94 | F44: 8.7333333 | G44: 8.9 | H44: 9.3 | I44: 9 | J44: 8.6 | K44: 8.7 | L44: 7.9 | M44: 161 min | N44: 46153 | O44: Live Action | P44: Movie
A45: Spectral | B45: 09 Dec 2016 | C45: Action, Adventure, Sci-Fi | D45: 6.3 | E45: 0.78 | F45: 8.6833333 | G45: 7.2 | H45: 9.4 | I45: 8.2 | J45: 8.8 | K45: 9.3 | L45: 9.2 | M45: 107 min | N45: 45689 | O45: Live Action | P45: Movie
A46: Green Book | B46: 16 Nov 2018 | C46: Biography, Comedy, Drama | D46: 8.2 | E46: 0.77 | F46: 8.6833333 | G46: 8.7 | H46: 9.1 | I46: 8.5 | J46: 8.2 | K46: 8.8 | L46: 8.8 | M46: 130 min | N46: 45874 | O46: Live Action | P46: Movie
A47: The Thin Red Line | B47: 15 Jan 1999 | C47: Drama, History, War | D47: 7.6 | E47: 0.8 | F47: 8.6833333 | G47: 8.8 | H47: 7.9 | I47: 9.6 | J47: 9.2 | K47: 7.8 | L47: 8.8 | M47: 170 min | N47: 46159 | O47: Live Action | P47: Movie
A48: Warrior | B48: 09 Sep 2011 | C48: Action, Drama, Sport | D48: 8.1 | E48: 0.84 | F48: 8.6666667 | G48: 9.1 | H48: 8.8 | I48: 7.8 | J48: 8.6 | K48: 8.7 | L48: 9 | M48: 140 min | N48: 46187
A49: Ford v Ferrari | B49: 15 Nov 2019 | C49: Action, Biography, Drama | D49: 8.1 | E49: 0.92 | F49: 8.65 | G49: 8.7 | H49: 7.7 | I49: 8.2 | J49: 8.9 | K49: 8.8 | L49: 9.6 | M49: 152 min | N49: 45874 | O49: Live Action | P49: Movie
A50: Deadpool | B50: 12 Feb 2016 | C50: Action, Comedy, Sci-Fi | D50: 8 | E50: 0.85 | F50: 8.65 | G50: 9.4 | H50: 8.9 | I50: 8.5 | J50: 7.6 | K50: 8.9 | L50: 8.6 | M50: 108 min | N50: 45646 | O50: Live Action | P50: Movie
A51: Snowpiercer | B51: 11 Jul 2014 | C51: Action, Sci-Fi, Thriller | D51: 7.1 | E51: 0.94 | F51: 8.65 | G51: 8.5 | H51: 8.6 | I51: 7.6 | J51: 8.8 | K51: 9.1 | L51: 9.3 | M51: 126 min | N51: 45670 | O51: Live Action | P51: Movie
A52: Carry-On | B52: 13 Dec 2024 | C52: Action, Crime, Thriller | D52: 6.5 | E52: 0.88 | F52: 8.65 | G52: 9.1 | H52: 9.1 | I52: 8.6 | J52: 7.8 | K52: 8.7 | L52: 8.6 | M52: 119 min | N52: 45661 | O52: Live Action | P52: Movie
A53: The Avengers | B53: 04 May 2012 | C53: Action, Sci-Fi | D53: 8 | E53: 0.91 | F53: 8.6333333 | G53: 8.8 | H53: 8.7 | I53: 8.3 | J53: 8.6 | K53: 8.8 | L53: 8.6 | M53: 143 min | N53: 45646 | O53: Live Action | P53: Movie
A54: Spider-Man: Far From Home | B54: 02 Jul 2019 | C54: Action, Adventure, Comedy | D54: 7.4 | E54: 0.91 | F54: 8.6333333 | G54: 9.1 | H54: 8.9 | I54: 8.5 | J54: 8.3 | K54: 8.5 | L54: 8.5 | M54: 129 min | N54: 45628 | O54: Live Action | P54: Movie
A55: Spider-Man: Homecoming | B55: 07 Jul 2017 | C55: Action, Adventure, Sci-Fi | D55: 7.4 | E55: 0.92 | F55: 8.6166667 | G55: 8.9 | H55: 8.3 | I55: 8.6 | J55: 8.7 | K55: 8.6 | L55: 8.6 | M55: 133 min | N55: 45628 | O55: Live Action | P55: Movie
A56: Forrest Gump | B56: 06 Jul 1994 | C56: Drama, Romance | D56: 8.8 | E56: 0.75 | F56: 8.6166667 | G56: 8.9 | H56: 8.6 | I56: 7.5 | J56: 7.6 | K56: 9.5 | L56: 9.6 | M56: 142 min | N56: 45646 | O56: Live Action | P56: Movie
A57: Doctor Strange | B57: 04 Nov 2016 | C57: Action, Adventure, Fantasy | D57: 7.5 | E57: 0.89 | F57: 8.6166667 | G57: 8.9 | H57: 7.7 | I57: 8.9 | J57: 9 | K57: 8.7 | L57: 8.5 | M57: 115 min | N57: 45655 | O57: Live Action | P57: Movie
A58: Tron: Legacy | B58: 17 Dec 2010 | C58: Action, Adventure, Sci-Fi | D58: 6.8 | E58: 0.51 | F58: 8.5833333 | G58: 8.3 | H58: 8.6 | I58: 8.7 | J58: 8.7 | K58: 8.8 | L58: 8.4 | M58: 125 min | N58: 45628 | O58: Live Action | P58: Movie
A59: How to Train Your Dragon | B59: 13 Jul 2025 | C59: Fantasy, Adventure | D59: 7.8 | E59: 0.76 | F59: 8.5666667 | G59: 8.1 | H59: 7.8 | I59: 9.9 | J59: 8.9 | K59: 9.1 | L59: 7.6 | M59: 125 min | N59: 45909 | O59: Live Action | P59: Movie
A60: Catch Me If You Can | B60: 25 Dec 2002 | C60: Biography, Crime, Drama | D60: 8.1 | E60: 0.96 | F60: 8.5 | G60: 8.7 | H60: 8.6 | I60: 7.5 | J60: 7.8 | K60: 9.5 | L60: 8.9 | M60: 141 min | N60: 45647 | O60: Live Action | P60: Movie
... A87: The Long Walk | B87: 12 Sep 2025 | C87: Horror, Sci-Fi, Thriller | D87: 6.8 | E87: 0.88 | F87: 8.1333333 | G87: 8.6 | H87: 7.4 | I87: 7.5 | J87: 8.5 | K87: 7.9 | L87: 8.9 | M87: 108 min | N87: 45992 | O87: Live Action | P87: Movie
A88: Avatar: Fire and Ash | B88: 19 Dec 2025 | C88: Action, Adventure, Fantasy | D88: N/A | F88: 8.1166667 | G88: 7.2 | H88: 7.7 | I88: 9.3 | J88: 10 | K88: 6.4 | L88: 8.1 | M88: 195 min | N88: 45625 | O88: Live Action | P88: Movie
A89: Batman Begins | B89: 15 Jun 2005 | C89: Action, Crime, Drama | D89: 8.2 | E89: 0.85 | F89: 8.1166667 | G89: 8.5 | H89: 8.6 | I89: 9.3 | J89: 7.3 | K89: 7.5 | L89: 7.5 | M89: 140 min | N89: 45874 | O89: Live Action | P89: Movie
A90: Avatar | B90: 18 Dec 2009 | C90: Action, Adventure, Fantasy | D90: 7.9 | E90: 0.81 | F90: 8.1166667 | G90: 7.8 | H90: 7.5 | I90: 8.9 | J90: 9.3 | K90: 7.8 | L90: 7.4 | M90: 162 min | N90: 45625 | O90: Live Action | P90: Movie
A91: Smile | B91: 30 Sep 2022 | C91: Horror, Mystery, Thriller | D91: 6.5 | E91: 0.79 | F91: 8.0833333 | G91: 8.5 | H91: 8.9 | I91: 7.2 | J91: 5.6 | K91: 8.9 | L91: 9.4 | M91: 115 min | N91: 45620 | O91: Live Action | P91: Movie
A92: Jurassic Park | B92: 11 Jun 1993 | C92: Action, Adventure, Sci-Fi | D92: 8.2 | E92: 0.91 | F92: 8.0666667 | G92: 7.5 | H92: 8.8 | I92: 7.8 | J92: 8.8 | K92: 7.5 | L92: 8 | M92: 127 min | N92: 45625 | O92: Live Action | P92: Movie
A93: War for the Planet of the Apes | B93: 14 Jul 2017 | C93: Action, Adventure, Drama | D93: 7.4 | E93: 0.94 | F93: 8.0666667 | G93: 8.4 | H93: 8.5 | I93: 8.6 | J93: 7.7 | K93: 7.5 | L93: 7.7 | M93: 140 min | N93: 45646 | O93: Live Action | P93: Movie
A94: Conclave | B94: 25 Oct 2024 | C94: Drama, Thriller | D94: 7.4 | E94: 0.93 | F94: 8.0666667 | G94: 8.4 | H94: 6.9 | I94: 8.6 | J94: 7.4 | K94: 8.4 | L94: 8.7 | M94: 120 min | N94: 45874 | O94: Live Action | P94: Movie
A95: Ratatouille | B95: 29 Jun 2007 | C95: Animation, Adventure, Comedy | D95: 8.1 | E95: 0.96 | F95: 8.05 | G95: 8.6 | H95: 8.5 | I95: 6.5 | J95: 7.6 | K95: 8.6 | L95: 8.5 | M95: 111 min | N95: 45646 | O95: Animated | P95: Movie
A96: 13 Hours: The Secret Soldiers of Benghazi | B96: 15 Jan 2016 | C96: Action, Drama, History | D96: 7.3 | E96: 0.51 | F96: 8.05 | G96: 7.7 | H96: 7.5 | I96: 7.9 | J96: 7.9 | K96: 8.5 | L96: 8.8 | M96: 144 min | N96: 46027 | O96: Live Action | P96: Movie
A97: Kingdom of the Planet of the Apes | B97: 10 May 2024 | C97: Action, Adventure, Drama | D97: 6.8 | E97: 0.81 | F97: 8.05 | G97: 8.2 | H97: 7.9 | I97: 7.9 | J97: 8.5 | K97: 8.3 | L97: 7.5 | M97: 145 min | N97: 45646 | O97: Live Action | P97: Movie
A98: Maze Runner: The Death Cure | B98: 26 Jan 2018 | C98: Action, Adventure, Sci-Fi | D98: 6.3 | E98: 0.42 | F98: 8.05 | G98: 8.2 | H98: 7.6 | I98: 7.9 | J98: 8.6 | K98: 7.9 | L98: 8.1 | M98: 143 min | N98: 46121 | O98: Live Action | P98: Movie
A99: Avatar: The Way of Water | B99: 16 Dec 2022 | C99: Action, Adventure, Fantasy | D99: 7.5 | E99: 0.76 | F99: 8.0333333 | G99: 6.8 | H99: 8.3 | I99: 9.3 | J99: 9.8 | K99: 7.3 | L99: 6.7 | M99: 192 min | N99: 45874 | O99: Live Action | P99: Movie
A100: Frankenstein | B100: 17 Oct 2025 | C100: Drama, Horror, Sci-Fi | D100: 7.5 | E100: 0.86 | F100: 8.0333333 | G100: 8.6 | H100: 7.8 | I100: 6.7 | J100: 9.1 | K100: 8 | L100: 8 | M100: 150 min | N100: 45982 | O100: Live Action | P100: Movie
... A128: The Bourne Ultimatum | B128: 03 Aug 2007 | C128: Action, Mystery, Thriller | D128: 8 | E128: 0.92 | F128: 7.8333333 | G128: 8.8 | H128: 7.4 | I128: 7.5 | J128: 7.1 | K128: 8.6 | L128: 7.6 | M128: 115 min | N128: 46076 | O128: Live Action | P128: Movie
A129: Backrooms (2026) | B129: 29 May 2026 | C129: Horror, Sci-Fi, Thriller | D129: 7 | F129: 7.8333333 | G129: 8.5 | H129: 8.6 | I129: 7.5 | J129: 7.7 | K129: 8.3 | L129: 6.4 | M129: 110 min | N129: 46236 | O129: Live Action | P129: Movie
A130: Memento | B130: 25 May 2001 | C130: Drama, Mystery, Thriller | D130: 8.4 | E130: 0.94 | F130: 7.8333333 | G130: 8.5 | H130: 8.5 | I130: 8.6 | J130: 7.4 | K130: 7.5 | L130: 6.5 | M130: 113 min | N130: 45874 | O130: Live Action | P130: Movie
A131: The Bourne Supremacy | B131: 23 Jul 2004 | C131: Action, Mystery, Thriller | D131: 7.7 | E131: 0.81 | F131: 7.8333333 | G131: 8.7 | H131: 7.8 | I131: 6.5 | J131: 7.3 | K131: 8.7 | L131: 8 | M131: 108 min | N131: 46072 | O131: Live Action | P131: Movie
A132: Predestination | B132: 09 Jan 2015 | C132: Action, Drama, Sci-Fi | D132: 7.4 | E132: 0.84 | F132: 7.8333333 | G132: 7.6 | H132: 7.6 | I132: 8.9 | J132: 6.5 | K132: 8.5 | L132: 7.9 | M132: 97 min | N132: 45808 | O132: Live Action | P132: Movie
A133: The Tomorrow War | B133: 02 Jul 2021 | C133: Action, Adventure, Drama | D133: 6.6 | E133: 0.51 | F133: 7.8333333 | G133: 7.8 | H133: 8.3 | I133: 6.9 | J133: 7.5 | K133: 8.3 | L133: 8.2 | M133: 138 min | N133: 45628 | O133: Live Action | P133: Movie
A134: The Great Debaters | B134: 25 Dec 2007 | C134: Biography, Drama, Romance | D134: 7.5 | F134: 7.8333333 | G134: 8.9 | H134: 6.5 | I134: 7.8 | J134: 6.5 | K134: 8.5 | L134: 8.8 | M134: 126 min | N134: 46246 | O134: Live Action | P134: Movie
A135: Deadpool 2 | B135: 18 May 2018 | C135: Action, Adventure, Comedy | D135: 7.6 | E135: 0.83 | F135: 7.8166667 | G135: 8.9 | H135: 6.8 | I135: 7.2 | J135: 8.3 | K135: 8.2 | L135: 7.5 | M135: 119 min | N135: 45646 | O135: Live Action | P135: Movie
A136: The Bourne Identity | B136: 14 Jun 2002 | C136: Action, Mystery, Thriller | D136: 7.8 | E136: 0.84 | F136: 7.8 | G136: 8.7 | H136: 7.8 | I136: 6.6 | J136: 7.1 | K136: 8.8 | L136: 7.8 | M136: 119 min | N136: 46070 | O136: Live Action | P136: Movie
A137: Wake Up Dead Man | B137: 12 Dec 2025 | C137: Comedy, Crime, Drama | D137: 7.3 | E137: 0.92 | F137: 7.8 | G137: 8.1 | H137: 7.3 | I137: 6.6 | J137: 7.7 | K137: 8.7 | L137: 8.4 | M137: 144 min | N137: 46081 | O137: Live Action | P137: Movie
A138: Transformers | B138: 03 Jul 2007 | C138: Action, Adventure, Sci-Fi | D138: 7.1 | E138: 0.57 | F138: 7.8 | G138: 8.9 | H138: 8.8 | I138: 5.9 | J138: 9.5 | K138: 7.8 | L138: 5.9 | M138: 144 min | N138: 45646 | O138: Live Action | P138: Movie
A139: Ocean's Twelve | B139: 10 Dec 2004 | C139: Crime, Thriller | D139: 6.5 | E139: 0.55 | F139: 7.8 | G139: 7.7 | H139: 8.1 | I139: 6.5 | J139: 8.1 | K139: 8 | L139: 8.4 | M139: 125 min | N139: 45855 | O139: Live Action | P139: Movie
A140: The Hitman's Bodyguard | B140: 18 Aug 2017 | C140: Action, Comedy, Crime | D140: 6.9 | E140: 0.44 | F140: 7.7666667 | G140: 7.7 | H140: 7.1 | I140: 8.5 | J140: 8.1 | K140: 8.1 | L140: 7.1 | M140: 118 min | N140: 45891 | O140: Live Action | P140: Movie
A141: The Equalizer 2 | B141: 20 Jul 2018 | C141: Action, Crime, Mystery | D141: 6.7 | E141: 0.52 | F141: 7.7666667 | G141: 8.6 | H141: 7.9 | I141: 6.7 | J141: 7.6 | K141: 8.1 | L141: 7.7 | M141: 121 min | N141: 45868 | O141: Live Action | P141: Movie
A142: KPop Demon Hunters | B142: 20 Jun 2025 | C142: Animation, Action, Adventure | D142: 7.7 | E142: 0.97 | F142: 7.7666667 | G142: 7.7 | H142: 6.5 | I142: 9.1 | J142: 8.7 | K142: 7.1 | L142: 7.5 | M142: 95 min | N142: 45888 | O142: Animated | P142: Movie
A143: Spiderhead | B143: 17 Jun 2022 | C143: Action, Crime, Drama | D143: 5.5 | E143: 0.39 | F143: 7.7666667 | G143: 7.6 | H143: 8.6 | I143: 6.5 | J143: 7.1 | K143: 8.6 | L143: 8.2 | M143: 106 min | N143: 45646 | O143: Live Action | P143: Movie
A144: Sicario: Day of the Soldado | B144: 29 Jun 2018 | C144: Action, Crime, Drama | D144: 7.1 | E144: 0.62 | F144: 7.7333333 | G144: 8.5 | H144: 7.4 | I144: 7.8 | J144: 8.1 | K144: 6.5 | L144: 8.1 | M144: 122 min | N144: 45863 | O144: Live Action | P144: Movie
A145: Percy Jackson & the Olympians: The Lightning Thief | B145: 12 Feb 2010 | C145: Adventure, Family, Fantasy | D145: 5.9 | E145: 0.48 | F145: 7.7333333 | G145: 7.9 | H145: 8.3 | I145: 6.7 | J145: 7.6 | K145: 7.8 | L145: 8.1 | M145: 118 min | N145: 45628 | O145: Live Action | P145: Movie
A146: The Thing With Feathers (2025) | B146: 28 Nov 2025 | C146: Drama | D146: 5.8 | E146: 0.46 | F146: 7.6833333 | G146: 7.9 | H146: 8.9 | I146: 6.5 | J146: 5.5 | K146: 8.9 | L146: 8.4 | M146: 104 min | N146: 46043 | O146: Live Action | P146: Movie
... A148: Divergent | B148: 3/21/2014 | C148: Action, Adventure, Drama | D148: 6.6 | E148: 0.41 | F148: 7.6666667 | G148: 7.5 | H148: 7.4 | I148: 5.6 | J148: 8.5 | K148: 8.6 | L148: 8.4 | M148: 139 min | N148: 45646 | O148: Live Action | P148: Movie
A149: Guy Ritchie's The Covenant | B149: Error: Movie not found! | C149: Action, Drama, Thriller | F149: 7.6666667 | G149: 8.2 | H149: 8.6 | I149: 7.5 | J149: 8.5 | K149: 5.5 | L149: 7.7 | M149: 123 min | N149: 45646 | O149: Live Action | P149: Movie
A150: Iron Lung | B150: 30 Jan 2026 | C150: Horror, Sci-Fi | D150: 6.5 | F150: 7.6666667 | G150: 8.1 | H150: 7.7 | I150: 6.9 | J150: 7.4 | K150: 8.5 | L150: 7.4 | M150: 125 min | N150: 46187
A151: The Super Mario Galaxy Movie | B151: 01 Apr 2026 | C151: Animation, Adventure, Comedy | D151: 6.3 | F151: 7.65 | G151: 7.8 | H151: 7.3 | I151: 8.3 | J151: 8.6 | K151: 7.7 | L151: 6.2 | M151: 98 min | N151: 46153 | O151: Animated | P151: Movie
A152: The Super Mario Bros. Movie | B152: 05 Apr 2023 | C152: Animation, Adventure, Comedy | D152: 7 | E152: 0.59 | F152: 7.6333333 | G152: 7.5 | H152: 7.6 | I152: 8 | J152: 8.5 | K152: 7.7 | L152: 6.5 | M152: 92 min | N152: 46153 | O152: Animated | P152: Movie
A153: Iron Man | B153: 5/2/2008 | C153: Action, Adventure, Sci-Fi | D153: 7.9 | E153: 0.94 | F153: 7.5833333 | G153: 8.9 | H153: 6.8 | I153: 6.8 | J153: 7.5 | K153: 8.5 | L153: 7 | M153: 126 min | N153: 45608 | O153: Live Action | P153: Movie
A154: The Hunger Games: Mockingjay - Part 2 | B154: 11/20/2015 | C154: Action, Adventure, Sci-Fi | D154: 6.6 | E154: 0.7 | F154: 7.5833333 | G154: 8 | H154: 8.5 | I154: 5.6 | J154: 8.6 | K154: 7.5 | L154: 7.3 | M154: 137 min | N154: 45646 | O154: Live Action | P154: Movie
A155: The Amazing Spider-Man 2 | B155: 02 May 2014 | C155: Action, Adventure, Sci-Fi | D155: 6.6 | E155: 0.51 | F155: 7.5833333 | G155: 8.5 | H155: 6.3 | I155: 7.1 | J155: 8.1 | K155: 7.8 | L155: 7.7 | M155: 142 min | N155: 46093
A156: The Hunger Games: Mockingjay - Part 1 | B156: 11/21/2014 | C156: Action, Adventure, Sci-Fi | D156: 6.6 | E156: 0.7 | F156: 7.5666667 | G156: 7.8 | H156: 8.5 | I156: 6.5 | J156: 8.5 | K156: 7.6 | L156: 6.5 | M156: 123 min | N156: 45646 | O156: Live Action | P156: Movie
A157: The Adam Project | B157: 3/11/2022 | C157: Action, Adventure, Comedy | D157: 6.7 | E157: 0.68 | F157: 7.55 | G157: 7.8 | H157: 8.2 | I157: 6.7 | J157: 7.8 | K157: 7.6 | L157: 7.2 | M157: 106 min | N157: 45646 | O157: Live Action | P157: Movie
A158: The Penguin Lessons | B158: 3/28/2025 | C158: Drama | D158: 7.1 | E158: 0.77 | F158: 7.55 | G158: 7.6 | H158: 8.5 | I158: 6.7 | J158: 6.6 | K158: 7.8 | L158: 8.1 | M158: 111 min | N158: 45887 | O158: Live Action | P158: Movie
A159: Oblivion | B159: 4/19/2013 | C159: Action, Adventure, Sci-Fi | D159: 7 | E159: 0.53 | F159: 7.5 | G159: 6.7 | H159: 5.6 | I159: 8.7 | J159: 8.6 | K159: 7.5 | L159: 7.9 | M159: 124 min | N159: 45646 | O159: Live Action | P159: Movie
A160: Black Widow | B160: 7/9/2021 | C160: Action, Adventure, Sci-Fi | D160: 6.6 | E160: 0.79 | F160: 7.4833333 | G160: 6.8 | H160: 6.7 | I160: 6.5 | J160: 8.8 | K160: 7.2 | L160: 8.9 | M160: 134 min | N160: 45628 | O160: Live Action | P160: Movie
A161: Quantum of Solace | B161: 14 Nov 2008 | C161: Action, Adventure, Mystery | D161: 6.5 | E161: 0.63 | F161: 7.4666667 | G161: 8.4 | H161: 7.6 | I161: 7.4 | J161: 7.1 | K161: 6.6 | L161: 7.7 | M161: 106 min | N161: 46211 | O161: Live Action | P161: Movie
...

Sheet Dashboard
D4: Top 10 Movies | G4: Total Movies Watched
D6: =CONCATENATE("1. ", Backend!O3) -> 1. Dune: Part Two | E6: =Backend!P3 -> 9.8333333 | G6: =COUNTA(Movies!D:D) -> 309
D7: =CONCATENATE("2. ", Backend!O4) -> 2. Interstellar | E7: =Backend!P4 -> 9.8166667
D8: =CONCATENATE("3. ", Backend!O5) -> 3. Gladiator | E8: =Backend!P5 -> 9.6333333
D9: =CONCATENATE("4. ", Backend!O6) -> 4. Dune | E9: =Backend!P6 -> 9.6166667
D10: =CONCATENATE("5. ", Backend!O7) -> 5. The Prestige | E10: =Backend!P7 -> 9.5333333 | G10: Total Hours Watched
D11: =CONCATENATE("6. ", Backend!O8) -> 6. Se7en | E11: =Backend!P8 -> 9.5166667
D12: =CONCATENATE("7. ", Backend!O9) -> 7. 1917 | E12: =Backend!P9 -> 9.45 | G12: =IFERROR(__xludf.DUMMYFUNCTION("SUMPRODUCT((Movies!D2:D1000<>"""")*(ISNUMBER(VALUE(REGEXREPLACE(Movies!M2:M1000, "" min"", """"))))*(IFERROR(VALUE(REGEXREPLACE(Movies!M2:M1000, "" min"", """")), 0))) / 60"),627.1166666666667) -> 627.11667
D13: =CONCATENATE("8. ", Backend!O10) -> 8. Whiplash | E13: =Backend!P10 -> 9.4333333
D14: =CONCATENATE("9. ", Backend!O11) -> 9. Inception | E14: =Backend!P11 -> 9.4
D15: =CONCATENATE("10. ", Backend!O12) -> 10. Edge Of Tomorrow | E15: =Backend!P12 -> 9.35

Sheet Backend
G1: Genre Breakdown | J1: Grading Scale | O1: Top 10 | S1: Movies over time | W1: Grades over time
B2: =Movies!C2 -> Action, Adventure, Drama | C2: =IFERROR(__xludf.DUMMYFUNCTION("ARRAYFORMULA(TRIM(SPLIT(B2, "",""))) "),"Action") -> Action | D2: =IFERROR(__xludf.DUMMYFUNCTION("""COMPUTED_VALUE"""),"Adventure") -> Adventure | E2: =IFERROR(__xludf.DUMMYFUNCTION("""COMPUTED_VALUE"""),"Drama") -> Drama | G2: =IFERROR(__xludf.DUMMYFUNCTION("UNIQUE(FLATTEN(C2:E1000))"),"Action") -> Action | H2: =COUNTIF(C2:E1000, G2) -> 171 | J2: 0.1 | K2: =COUNTIFS(Movies[Final Score], "<" & J2, Movies[Final Score], ">=" & J1) -> 0 | L2: 1 | M2: =COUNTIFS(Movies[Final Score], "<" & L3, Movies[Final Score], ">=" & L2) -> 1 | S2: =IFERROR(__xludf.DUMMYFUNCTION("SORT(UNIQUE(QUERY(Movies!N2:N1000, ""select N where N is not null"", 0))) "),45604.0) -> 45604 | T2: =COUNTIF(Movies!N:N, S2) -> 1 | U2: =SUM($T$2:T2) -> 1 | W2: =IFERROR(__xludf.DUMMYFUNCTION("SORT(UNIQUE(QUERY(ARRAYFORMULA(DATEVALUE(Movies!B2:B1000)),""select Col1 where Col1 is not null"",0))) "),23911.0) -> 23911 | X2: =IFERROR(__xludf.DUMMYFUNCTION("FILTER( Movies!F2:F1000, DATEVALUE(Movies!B2:B1000) = W2 ) "),7.916666666666667) -> 7.9166667
B3: =Movies!C3 -> Adventure, Drama, Sci-Fi | C3: =IFERROR(__xludf.DUMMYFUNCTION("ARRAYFORMULA(TRIM(SPLIT(B3, "",""))) "),"Adventure") -> Adventure | D3: =IFERROR(__xludf.DUMMYFUNCTION("""COMPUTED_VALUE"""),"Drama") -> Drama | E3: =IFERROR(__xludf.DUMMYFUNCTION("""COMPUTED_VALUE"""),"Sci-Fi") -> Sci-Fi | G3: =IFERROR(__xludf.DUMMYFUNCTION("""COMPUTED_VALUE"""),"Adventure") -> Adventure | H3: =COUNTIF(C3:E1001, G3) -> 132 | J3: 0.2 | K3: =COUNTIFS(Movies[Final Score], "<" & J3, Movies[Final Score], ">=" & J2) -> 0 | L3: 2 | M3: =COUNTIFS(Movies[Final Score], "<" & L4, Movies[Final Score], ">=" & L3) -> 1 | O3: =IFERROR(__xludf.DUMMYFUNCTION("SORTN(Movies!A2:A1000, 10, 0, 6, FALSE)"),"Dune: Part Two") -> Dune: Part Two | P3: =IFERROR(__xludf.DUMMYFUNCTION("SORTN(Movies!F2:F1000, 10, 0, 6, FALSE)"),9.833333333333334) -> 9.8333333 | S3: =IFERROR(__xludf.DUMMYFUNCTION("""COMPUTED_VALUE"""),45608.0) -> 45608 | T3: =COUNTIF(Movies!N:N, S3) -> 10 | U3: =SUM($T$2:T3) -> 11 | W3: =IFERROR(__xludf.DUMMYFUNCTION("""COMPUTED_VALUE"""),26331.0) -> 26331 | X3: =IFERROR(__xludf.DUMMYFUNCTION("FILTER( Movies!F3:F1000, DATEVALUE(Movies!B3:B1000) = W3 ) "),7.233333333333333) -> 7.2333333
B4: =Movies!C4 -> Action, Adventure, Drama | C4: =IFERROR(__xludf.DUMMYFUNCTION("ARRAYFORMULA(TRIM(SPLIT(B4, "",""))) "),"Action") -> Action | D4: =IFERROR(__xludf.DUMMYFUNCTION("""COMPUTED_VALUE"""),"Adventure") -> Adventure | E4: =IFERROR(__xludf.DUMMYFUNCTION("""COMPUTED_VALUE"""),"Drama") -> Drama | G4: =IFERROR(__xludf.DUMMYFUNCTION("""COMPUTED_VALUE"""),"Drama") -> Drama | H4: =COUNTIF(C4:E1002, G4) -> 105 | J4: 0.3 | K4: =COUNTIFS(Movies[Final Score], "<" & J4, Movies[Final Score], ">=" & J3) -> 0 | L4: 3 | M4: =COUNTIFS(Movies[Final Score], "<" & L5, Movies[Final Score], ">=" & L4) -> 2 | O4: =IFERROR(__xludf.DUMMYFUNCTION("""COMPUTED_VALUE"""),"Interstellar") -> Interstellar | P4: =IFERROR(__xludf.DUMMYFUNCTION("""COMPUTED_VALUE"""),9.816666666666668) -> 9.8166667 | S4: =IFERROR(__xludf.DUMMYFUNCTION("""COMPUTED_VALUE"""),45610.0) -> 45610 | T4: =COUNTIF(Movies!N:N, S4) -> 1 | U4: =SUM($T$2:T4) -> 12 | W4: =IFERROR(__xludf.DUMMYFUNCTION("""COMPUTED_VALUE"""),28336.0) -> 28336 | X4: =IFERROR(__xludf.DUMMYFUNCTION("FILTER( Movies!F4:F1000, DATEVALUE(Movies!B4:B1000) = W4 ) "),3.4166666666666665) -> 3.4166667
B5: =Movies!C5 -> Action, Adventure, Sci-Fi | C5: =IFERROR(__xludf.DUMMYFUNCTION("ARRAYFORMULA(TRIM(SPLIT(B5, "",""))) "),"Action") -> Action | D5: =IFERROR(__xludf.DUMMYFUNCTION("""COMPUTED_VALUE"""),"Adventure") -> Adventure | E5: =IFERROR(__xludf.DUMMYFUNCTION("""COMPUTED_VALUE"""),"Sci-Fi") -> Sci-Fi | G5: =IFERROR(__xludf.DUMMYFUNCTION("""COMPUTED_VALUE"""),"Sci-Fi") -> Sci-Fi | H5: =COUNTIF(C5:E1003, G5) -> 75 | J5: 0.4 | K5: =COUNTIFS(Movies[Final Score], "<" & J5, Movies[Final Score], ">=" & J4) -> 0 | L5: 4 | M5: =COUNTIFS(Movies[Final Score], "<" & L6, Movies[Final Score], ">=" & L5) -> 10 | O5: =IFERROR(__xludf.DUMMYFUNCTION("""COMPUTED_VALUE"""),"Gladiator") -> Gladiator | P5: =IFERROR(__xludf.DUMMYFUNCTION("""COMPUTED_VALUE"""),9.633333333333333) -> 9.6333333 | S5: =IFERROR(__xludf.DUMMYFUNCTION("""COMPUTED_VALUE"""),45620.0) -> 45620 | T5: =COUNTIF(Movies!N:N, S5) -> 1 | U5: =SUM($T$2:T5) -> 13 | W5: =IFERROR(__xludf.DUMMYFUNCTION("""COMPUTED_VALUE"""),28529.0) -> 28529 | X5: =IFERROR(__xludf.DUMMYFUNCTION("FILTER( Movies!F5:F1000, DATEVALUE(Movies!B5:B1000) = W5 ) "),8.033333333333333) -> 8.0333333
B6: =Movies!C6 -> Drama, Mystery, Sci-Fi | C6: =IFERROR(__xludf.DUMMYFUNCTION("ARRAYFORMULA(TRIM(SPLIT(B6, "",""))) "),"Drama") -> Drama | D6: =IFERROR(__xludf.DUMMYFUNCTION("""COMPUTED_VALUE"""),"Mystery") -> Mystery | E6: =IFERROR(__xludf.DUMMYFUNCTION("""COMPUTED_VALUE"""),"Sci-Fi") -> Sci-Fi | G6: =IFERROR(__xludf.DUMMYFUNCTION("""COMPUTED_VALUE"""),"Mystery") -> Mystery | H6: =COUNTIF(C6:E1004, G6) -> 24 | J6: 0.5 | K6: =COUNTIFS(Movies[Final Score], "<" & J6, Movies[Final Score], ">=" & J5) -> 0 | L6: 5 | M6: =COUNTIFS(Movies[Final Score], "<" & L7, Movies[Final Score], ">=" & L6) -> 30 | O6: =IFERROR(__xludf.DUMMYFUNCTION("""COMPUTED_VALUE"""),"Dune") -> Dune | P6: =IFERROR(__xludf.DUMMYFUNCTION("""COMPUTED_VALUE"""),9.616666666666665) -> 9.6166667 | S6: =IFERROR(__xludf.DUMMYFUNCTION("""COMPUTED_VALUE"""),45625.0) -> 45625 | T6: =COUNTIF(Movies!N:N, S6) -> 14 | U6: =SUM($T$2:T6) -> 27 | W6: =IFERROR(__xludf.DUMMYFUNCTION("""COMPUTED_VALUE"""),30127.0) -> 30127 | X6: =IFERROR(__xludf.DUMMYFUNCTION("FILTER( Movies!F6:F1000, DATEVALUE(Movies!B6:B1000) = W6 ) "),7.233333333333333) -> 7.2333333
B7: =Movies!C7 -> Crime, Drama, Mystery | C7: =IFERROR(__xludf.DUMMYFUNCTION("ARRAYFORMULA(TRIM(SPLIT(B7, "",""))) "),"Crime") -> Crime | D7: =IFERROR(__xludf.DUMMYFUNCTION("""COMPUTED_VALUE"""),"Drama") -> Drama | E7: =IFERROR(__xludf.DUMMYFUNCTION("""COMPUTED_VALUE"""),"Mystery") -> Mystery | G7: =IFERROR(__xludf.DUMMYFUNCTION("""COMPUTED_VALUE"""),"Crime") -> Crime | H7: =COUNTIF(C7:E1005, G7) -> 40 | J7: 0.6 | K7: =COUNTIFS(Movies[Final Score], "<" & J7, Movies[Final Score], ">=" & J6) -> 0 | L7: 6 | M7: =COUNTIFS(Movies[Final Score], "<" & L8, Movies[Final Score], ">=" & L7) -> 64 | O7: =IFERROR(__xludf.DUMMYFUNCTION("""COMPUTED_VALUE"""),"The Prestige") -> The Prestige | P7: =IFERROR(__xludf.DUMMYFUNCTION("""COMPUTED_VALUE"""),9.533333333333333) -> 9.5333333 | S7: =IFERROR(__xludf.DUMMYFUNCTION("""COMPUTED_VALUE"""),45626.0) -> 45626 | T7: =COUNTIF(Movies!N:N, S7) -> 1 | U7: =SUM($T$2:T7) -> 28 | W7: =IFERROR(__xludf.DUMMYFUNCTION("""COMPUTED_VALUE"""),31030.0) -> 31030 | X7: =IFERROR(__xludf.DUMMYFUNCTION("FILTER( Movies!F7:F1000, DATEVALUE(Movies!B7:B1000) = W7 ) "),"#N/A") -> #N/A
B8: =Movies!C8 -> Action, Drama, War | C8: =IFERROR(__xludf.DUMMYFUNCTION("ARRAYFORMULA(TRIM(SPLIT(B8, "",""))) "),"Action") -> Action | D8: =IFERROR(__xludf.DUMMYFUNCTION("""COMPUTED_VALUE"""),"Drama") -> Drama | E8: =IFERROR(__xludf.DUMMYFUNCTION("""COMPUTED_VALUE"""),"War") -> War | G8: =IFERROR(__xludf.DUMMYFUNCTION("""COMPUTED_VALUE"""),"War") -> War | H8: =COUNTIF(C8:E1006, G8) -> 6 | J8: 0.7 | K8: =COUNTIFS(Movies[Final Score], "<" & J8, Movies[Final Score], ">=" & J7) -> 0 | L8: 7 | M8: =COUNTIFS(Movies[Final Score], "<" & L9, Movies[Final Score], ">=" & L8) -> 94 | O8: =IFERROR(__xludf.DUMMYFUNCTION("""COMPUTED_VALUE"""),"Se7en") -> Se7en | P8: =IFERROR(__xludf.DUMMYFUNCTION("""COMPUTED_VALUE"""),9.516666666666667) -> 9.5166667 | S8: =IFERROR(__xludf.DUMMYFUNCTION("""COMPUTED_VALUE"""),45627.0) -> 45627 | T8: =COUNTIF(Movies!N:N, S8) -> 4 | U8: =SUM($T$2:T8) -> 32 | W8: =IFERROR(__xludf.DUMMYFUNCTION("""COMPUTED_VALUE"""),33095.0) -> 33095 | X8: =IFERROR(__xludf.DUMMYFUNCTION("FILTER( Movies!F8:F1000, DATEVALUE(Movies!B8:B1000) = W8 ) "),5.466666666666666) -> 5.4666667
B9: =Movies!C9 -> Drama, Music | C9: =IFERROR(__xludf.DUMMYFUNCTION("ARRAYFORMULA(TRIM(SPLIT(B9, "",""))) "),"Drama") -> Drama | D9: =IFERROR(__xludf.DUMMYFUNCTION("""COMPUTED_VALUE"""),"Music") -> Music | G9: =IFERROR(__xludf.DUMMYFUNCTION("""COMPUTED_VALUE"""),"Music") -> Music | H9: =COUNTIF(C9:E1007, G9) -> 3 | J9: 0.8 | K9: =COUNTIFS(Movies[Final Score], "<" & J9, Movies[Final Score], ">=" & J8) -> 1 | L9: 8 | M9: =COUNTIFS(Movies[Final Score], "<" & L10, Movies[Final Score], ">=" & L9) -> 79 | O9: =IFERROR(__xludf.DUMMYFUNCTION("""COMPUTED_VALUE"""),"1917") -> 1917 | P9: =IFERROR(__xludf.DUMMYFUNCTION("""COMPUTED_VALUE"""),9.45) -> 9.45 | S9: =IFERROR(__xludf.DUMMYFUNCTION("""COMPUTED_VALUE"""),45628.0) -> 45628 | T9: =COUNTIF(Movies!N:N, S9) -> 23 | U9: =SUM($T$2:T9) -> 55 | W9: =IFERROR(__xludf.DUMMYFUNCTION("""COMPUTED_VALUE"""),34131.0) -> 34131 | X9: =IFERROR(__xludf.DUMMYFUNCTION("FILTER( Movies!F9:F1000, DATEVALUE(Movies!B9:B1000) = W9 ) "),8.066666666666668) -> 8.0666667
B10: =Movies!C10 -> Action, Adventure, Sci-Fi | C10: =IFERROR(__xludf.DUMMYFUNCTION("ARRAYFORMULA(TRIM(SPLIT(B10, "",""))) "),"Action") -> Action | D10: =IFERROR(__xludf.DUMMYFUNCTION("""COMPUTED_VALUE"""),"Adventure") -> Adventure | E10: =IFERROR(__xludf.DUMMYFUNCTION("""COMPUTED_VALUE"""),"Sci-Fi") -> Sci-Fi | H10: =COUNTIF(C10:E1008, G10) -> 0 | J10: 0.9 | K10: =COUNTIFS(Movies[Final Score], "<" & J10, Movies[Final Score], ">=" & J9) -> 0 | L10: 9 | M10: =COUNTIFS(Movies[Final Score], "<" & L11, Movies[Final Score], ">=" & L10) -> 28 | O10: =IFERROR(__xludf.DUMMYFUNCTION("""COMPUTED_VALUE"""),"Whiplash") -> Whiplash | P10: =IFERROR(__xludf.DUMMYFUNCTION("""COMPUTED_VALUE"""),9.433333333333332) -> 9.4333333 | S10: =IFERROR(__xludf.DUMMYFUNCTION("""COMPUTED_VALUE"""),45646.0) -> 45646 | T10: =COUNTIF(Movies!N:N, S10) -> 45 | U10: =SUM($T$2:T10) -> 100 | W10: =IFERROR(__xludf.DUMMYFUNCTION("""COMPUTED_VALUE"""),34285.0) -> 34285 | X10: =IFERROR(__xludf.DUMMYFUNCTION("FILTER( Movies!F10:F1000, DATEVALUE(Movies!B10:B1000) = W10 ) "),6.816666666666666) -> 6.8166667
B11: =Movies!C11 -> Action, Adventure, Sci-Fi | C11: =IFERROR(__xludf.DUMMYFUNCTION("ARRAYFORMULA(TRIM(SPLIT(B11, "",""))) "),"Action") -> Action | D11: =IFERROR(__xludf.DUMMYFUNCTION("""COMPUTED_VALUE"""),"Adventure") -> Adventure | E11: =IFERROR(__xludf.DUMMYFUNCTION("""COMPUTED_VALUE"""),"Sci-Fi") -> Sci-Fi | G11: =IFERROR(__xludf.DUMMYFUNCTION("""COMPUTED_VALUE"""),"Comedy") -> Comedy | H11: =COUNTIF(C11:E1009, G11) -> 52 | J11: 1 | K11: =COUNTIFS(Movies[Final Score], "<" & J11, Movies[Final Score], ">=" & J10) -> 0 | L11: 10 | M11: =COUNTIFS(Movies[Final Score], "<" & L12, Movies[Final Score], ">=" & L11) -> 0 | O11: =IFERROR(__xludf.DUMMYFUNCTION("""COMPUTED_VALUE"""),"Inception") -> Inception | P11: =IFERROR(__xludf.DUMMYFUNCTION("""COMPUTED_VALUE"""),9.4) -> 9.4 | S11: =IFERROR(__xludf.DUMMYFUNCTION("""COMPUTED_VALUE"""),45647.0) -> 45647 | T11: =COUNTIF(Movies!N:N, S11) -> 1 | U11: =SUM($T$2:T11) -> 101 | W11: =IFERROR(__xludf.DUMMYFUNCTION("""COMPUTED_VALUE"""),34521.0) -> 34521 | X11: =IFERROR(__xludf.DUMMYFUNCTION("FILTER( Movies!F11:F1000, DATEVALUE(Movies!B11:B1000) = W11 ) "),8.616666666666667) -> 8.6166667
B12: =Movies!C12 -> Adventure, Drama, Sci-Fi | C12: =IFERROR(__xludf.DUMMYFUNCTION("ARRAYFORMULA(TRIM(SPLIT(B12, "",""))) "),"Adventure") -> Adventure | D12: =IFERROR(__xludf.DUMMYFUNCTION("""COMPUTED_VALUE"""),"Drama") -> Drama | E12: =IFERROR(__xludf.DUMMYFUNCTION("""COMPUTED_VALUE"""),"Sci-Fi") -> Sci-Fi | G12: =IFERROR(__xludf.DUMMYFUNCTION("""COMPUTED_VALUE"""),"Western") -> Western | H12: =COUNTIF(C12:E1010, G12) -> 1 | J12: 1.1 | K12: =COUNTIFS(Movies[Final Score], "<" & J12, Movies[Final Score], ">=" & J11) -> 0 | O12: =IFERROR(__xludf.DUMMYFUNCTION("""COMPUTED_VALUE"""),"Edge Of Tomorrow") -> Edge Of Tomorrow | P12: =IFERROR(__xludf.DUMMYFUNCTION("""COMPUTED_VALUE"""),9.35) -> 9.35 | S12: =IFERROR(__xludf.DUMMYFUNCTION("""COMPUTED_VALUE"""),45649.0) -> 45649 | T12: =COUNTIF(Movies!N:N, S12) -> 2 | U12: =SUM($T$2:T12) -> 103 | W12: =IFERROR(__xludf.DUMMYFUNCTION("""COMPUTED_VALUE"""),34621.0) -> 34621 | X12: =IFERROR(__xludf.DUMMYFUNCTION("FILTER( Movies!F12:F1000, DATEVALUE(Movies!B12:B1000) = W12 ) "),6.283333333333334) -> 6.2833333
B13: =Movies!C13 -> Action, Adventure, Drama | C13: =IFERROR(__xludf.DUMMYFUNCTION("ARRAYFORMULA(TRIM(SPLIT(B13, "",""))) "),"Action") -> Action | D13: =IFERROR(__xludf.DUMMYFUNCTION("""COMPUTED_VALUE"""),"Adventure") -> Adventure | E13: =IFERROR(__xludf.DUMMYFUNCTION("""COMPUTED_VALUE"""),"Drama") -> Drama | G13: =IFERROR(__xludf.DUMMYFUNCTION("""COMPUTED_VALUE"""),"Fantasy") -> Fantasy | H13: =COUNTIF(C13:E1011, G13) -> 38 | J13: 1.2 | K13: =COUNTIFS(Movies[Final Score], "<" & J13, Movies[Final Score], ">=" & J12) -> 0 | S13: =IFERROR(__xludf.DUMMYFUNCTION("""COMPUTED_VALUE"""),45655.0) -> 45655 | T13: =COUNTIF(Movies!N:N, S13) -> 2 | U13: =SUM($T$2:T13) -> 105 | W13: =IFERROR(__xludf.DUMMYFUNCTION("""COMPUTED_VALUE"""),34726.0) -> 34726 | X13: =IFERROR(__xludf.DUMMYFUNCTION("FILTER( Movies!F13:F1000, DATEVALUE(Movies!B13:B1000) = W13 ) "),7.683333333333334) -> 7.6833333
B14: =Movies!C14 -> Comedy, Drama, Music | C14: =IFERROR(__xludf.DUMMYFUNCTION("ARRAYFORMULA(TRIM(SPLIT(B14, "",""))) "),"Comedy") -> Comedy | D14: =IFERROR(__xludf.DUMMYFUNCTION("""COMPUTED_VALUE"""),"Drama") -> Drama | E14: =IFERROR(__xludf.DUMMYFUNCTION("""COMPUTED_VALUE"""),"Music") -> Music | G14: =IFERROR(__xludf.DUMMYFUNCTION("""COMPUTED_VALUE"""),"Animation") -> Animation | H14: =COUNTIF(C14:E1012, G14) -> 18 | J14: 1.3 | K14: =COUNTIFS(Movies[Final Score], "<" & J14, Movies[Final Score], ">=" & J13) -> 0 | S14: =IFERROR(__xludf.DUMMYFUNCTION("""COMPUTED_VALUE"""),45661.0) -> 45661 | T14: =COUNTIF(Movies!N:N, S14) -> 1 | U14: =SUM($T$2:T14) -> 106 | W14: =IFERROR(__xludf.DUMMYFUNCTION("""COMPUTED_VALUE"""),34964.0) -> 34964 | X14: =IFERROR(__xludf.DUMMYFUNCTION("FILTER( Movies!F14:F1000, DATEVALUE(Movies!B14:B1000) = W14 ) "),"#N/A") -> #N/A
B15: =Movies!C15 -> Action, Drama, Western | C15: =IFERROR(__xludf.DUMMYFUNCTION("ARRAYFORMULA(TRIM(SPLIT(B15, "",""))) "),"Action") -> Action | D15: =IFERROR(__xludf.DUMMYFUNCTION("""COMPUTED_VALUE"""),"Drama") -> Drama | E15: =IFERROR(__xludf.DUMMYFUNCTION("""COMPUTED_VALUE"""),"Western") -> Western | G15: =IFERROR(__xludf.DUMMYFUNCTION("""COMPUTED_VALUE"""),"Thriller") -> Thriller | H15: =COUNTIF(C15:E1013, G15) -> 48 | J15: 1.4 | K15: =COUNTIFS(Movies[Final Score], "<" & J15, Movies[Final Score], ">=" & J14) -> 0 | S15: =IFERROR(__xludf.DUMMYFUNCTION("""COMPUTED_VALUE"""),45670.0) -> 45670 | T15: =COUNTIF(Movies!N:N, S15) -> 5 | U15: =SUM($T$2:T15) -> 111 | W15: =IFERROR(__xludf.DUMMYFUNCTION("""COMPUTED_VALUE"""),35720.0) -> 35720 | X15: =IFERROR(__xludf.DUMMYFUNCTION("FILTER( Movies!F15:F1000, DATEVALUE(Movies!B15:B1000) = W15 ) "),7.099999999999999) -> 7.1
B16: =Movies!C16 -> Action, Crime, Drama | C16: =IFERROR(__xludf.DUMMYFUNCTION("ARRAYFORMULA(TRIM(SPLIT(B16, "",""))) "),"Action") -> Action | D16: =IFERROR(__xludf.DUMMYFUNCTION("""COMPUTED_VALUE"""),"Crime") -> Crime | E16: =IFERROR(__xludf.DUMMYFUNCTION("""COMPUTED_VALUE"""),"Drama") -> Drama | G16: =IFERROR(__xludf.DUMMYFUNCTION("""COMPUTED_VALUE"""),"Biography") -> Biography | J16: 1.5 | K16: =COUNTIFS(Movies[Final Score], "<" & J16, Movies[Final Score], ">=" & J15) -> 0 | S16: =IFERROR(__xludf.DUMMYFUNCTION("""COMPUTED_VALUE"""),45676.0) -> 45676 | T16: =COUNTIF(Movies!N:N, S16) -> 3 | U16: =SUM($T$2:T16) -> 114 | W16: =IFERROR(__xludf.DUMMYFUNCTION("""COMPUTED_VALUE"""),35804.0) -> 35804 | X16: =IFERROR(__xludf.DUMMYFUNCTION("FILTER( Movies!F16:F1000, DATEVALUE(Movies!B16:B1000) = W16 ) "),8.833333333333334) -> 8.8333333
B17: =Movies!C17 -> Adventure, Drama, Fantasy | C17: =IFERROR(__xludf.DUMMYFUNCTION("ARRAYFORMULA(TRIM(SPLIT(B17, "",""))) "),"Adventure") -> Adventure | D17: =IFERROR(__xludf.DUMMYFUNCTION("""COMPUTED_VALUE"""),"Drama") -> Drama | E17: =IFERROR(__xludf.DUMMYFUNCTION("""COMPUTED_VALUE"""),"Fantasy") -> Fantasy | G17: =IFERROR(__xludf.DUMMYFUNCTION("""COMPUTED_VALUE"""),"History") -> History | H17: =COUNTIF(C17:E1000, G17) -> 6 | J17: 1.6 | K17: =COUNTIFS(Movies[Final Score], "<" & J17, Movies[Final Score], ">=" & J16) -> 1 | S17: =IFERROR(__xludf.DUMMYFUNCTION("""COMPUTED_VALUE"""),45682.0) -> 45682 | T17: =COUNTIF(Movies!N:N, S17) -> 1 | U17: =SUM($T$2:T17) -> 115 | W17: =IFERROR(__xludf.DUMMYFUNCTION("""COMPUTED_VALUE"""),35923.0) -> 35923 | X17: =IFERROR(__xludf.DUMMYFUNCTION("FILTER( Movies!F17:F1000, DATEVALUE(Movies!B17:B1000) = W17 ) "),8.15) -> 8.15
B18: =Movies!C18 -> Action, Adventure, Sci-Fi | C18: =IFERROR(__xludf.DUMMYFUNCTION("ARRAYFORMULA(TRIM(SPLIT(B18, "",""))) "),"Action") -> Action | D18: =IFERROR(__xludf.DUMMYFUNCTION("""COMPUTED_VALUE"""),"Adventure") -> Adventure | E18: =IFERROR(__xludf.DUMMYFUNCTION("""COMPUTED_VALUE"""),"Sci-Fi") -> Sci-Fi | G18: =IFERROR(__xludf.DUMMYFUNCTION("""COMPUTED_VALUE"""),"Horror") -> Horror | H18: =COUNTIF(C18:E1001, G18) -> 23 | J18: 1.7 | K18: =COUNTIFS(Movies[Final Score], "<" & J18, Movies[Final Score], ">=" & J17) -> 0 | S18: =IFERROR(__xludf.DUMMYFUNCTION("""COMPUTED_VALUE"""),45689.0) -> 45689 | T18: =COUNTIF(Movies!N:N, S18) -> 1 | U18: =SUM($T$2:T18) -> 116 | W18: =IFERROR(__xludf.DUMMYFUNCTION("""COMPUTED_VALUE"""),36000.0) -> 36000 | X18: =IFERROR(__xludf.DUMMYFUNCTION("FILTER( Movies!F18:F1000, DATEVALUE(Movies!B18:B1000) = W18 ) "),8.85) -> 8.85
B19: =Movies!C19 -> Animation, Action, Adventure | C19: =IFERROR(__xludf.DUMMYFUNCTION("ARRAYFORMULA(TRIM(SPLIT(B19, "",""))) "),"Animation") -> Animation | D19: =IFERROR(__xludf.DUMMYFUNCTION("""COMPUTED_VALUE"""),"Action") -> Action | E19: =IFERROR(__xludf.DUMMYFUNCTION("""COMPUTED_VALUE"""),"Adventure") -> Adventure | G19: =IFERROR(__xludf.DUMMYFUNCTION("""COMPUTED_VALUE"""),"Romance") -> Romance | H19: =COUNTIF(C19:E1002, G19) -> 14 | J19: 1.8 | K19: =COUNTIFS(Movies[Final Score], "<" & J19, Movies[Final Score], ">=" & J18) -> 0 | S19: =IFERROR(__xludf.DUMMYFUNCTION("""COMPUTED_VALUE"""),45707.0) -> 45707 | T19: =COUNTIF(Movies!N:N, S19) -> 1 | U19: =SUM($T$2:T19) -> 117 | W19: =IFERROR(__xludf.DUMMYFUNCTION("""COMPUTED_VALUE"""),36175.0) -> 36175 | X19: =IFERROR(__xludf.DUMMYFUNCTION("FILTER( Movies!F19:F1000, DATEVALUE(Movies!B19:B1000) = W19 ) "),8.683333333333332) -> 8.6833333
B20: =Movies!C20 -> Crime, Drama, Thriller | C20: =IFERROR(__xludf.DUMMYFUNCTION("ARRAYFORMULA(TRIM(SPLIT(B20, "",""))) "),"Crime") -> Crime | D20: =IFERROR(__xludf.DUMMYFUNCTION("""COMPUTED_VALUE"""),"Drama") -> Drama | E20: =IFERROR(__xludf.DUMMYFUNCTION("""COMPUTED_VALUE"""),"Thriller") -> Thriller | G20: =IFERROR(__xludf.DUMMYFUNCTION("""COMPUTED_VALUE"""),"Sport") -> Sport | H20: =COUNTIF(C20:E1003, G20) -> 3 | J20: 1.9 | K20: =COUNTIFS(Movies[Final Score], "<" & J20, Movies[Final Score], ">=" & J19) -> 0 | S20: =IFERROR(__xludf.DUMMYFUNCTION("""COMPUTED_VALUE"""),45712.0) -> 45712 | T20: =COUNTIF(Movies!N:N, S20) -> 1 | U20: =SUM($T$2:T20) -> 118 | W20: =IFERROR(__xludf.DUMMYFUNCTION("""COMPUTED_VALUE"""),36250.0) -> 36250 | X20: =IFERROR(__xludf.DUMMYFUNCTION("FILTER( Movies!F20:F1000, DATEVALUE(Movies!B20:B1000) = W20 ) "),8.216666666666667) -> 8.2166667
B21: =Movies!C21 -> Action, Adventure, Fantasy | C21: =IFERROR(__xludf.DUMMYFUNCTION("ARRAYFORMULA(TRIM(SPLIT(B21, "",""))) "),"Action") -> Action | D21: =IFERROR(__xludf.DUMMYFUNCTION("""COMPUTED_VALUE"""),"Adventure") -> Adventure | E21: =IFERROR(__xludf.DUMMYFUNCTION("""COMPUTED_VALUE"""),"Fantasy") -> Fantasy | G21: =IFERROR(__xludf.DUMMYFUNCTION("""COMPUTED_VALUE"""),"Family") -> Family | J21: 2 | K21: =COUNTIFS(Movies[Final Score], "<" & J21, Movies[Final Score], ">=" & J20) -> 0 | S21: =IFERROR(__xludf.DUMMYFUNCTION("""COMPUTED_VALUE"""),45717.0) -> 45717 | T21: =COUNTIF(Movies!N:N, S21) -> 1 | U21: =SUM($T$2:T21) -> 119 | W21: =IFERROR(__xludf.DUMMYFUNCTION("""COMPUTED_VALUE"""),36287.0) -> 36287 | X21: =IFERROR(__xludf.DUMMYFUNCTION("FILTER( Movies!F21:F1000, DATEVALUE(Movies!B21:B1000) = W21 ) "),5.916666666666667) -> 5.9166667
B22: =Movies!C22 -> Adventure, Comedy, Drama | C22: =IFERROR(__xludf.DUMMYFUNCTION("ARRAYFORMULA(TRIM(SPLIT(B22, "",""))) "),"Adventure") -> Adventure | D22: =IFERROR(__xludf.DUMMYFUNCTION("""COMPUTED_VALUE"""),"Comedy") -> Comedy | E22: =IFERROR(__xludf.DUMMYFUNCTION("""COMPUTED_VALUE"""),"Drama") -> Drama | G22: =IFERROR(__xludf.DUMMYFUNCTION("""COMPUTED_VALUE"""),"Musical") -> Musical | J22: 2.1 | K22: =COUNTIFS(Movies[Final Score], "<" & J22, Movies[Final Score], ">=" & J21) -> 0 | S22: =IFERROR(__xludf.DUMMYFUNCTION("""COMPUTED_VALUE"""),45726.0) -> 45726 | T22: =COUNTIF(Movies!N:N, S22) -> 1 | U22: =SUM($T$2:T22) -> 120 | W22: =IFERROR(__xludf.DUMMYFUNCTION("""COMPUTED_VALUE"""),36572.0) -> 36572 | X22: =IFERROR(__xludf.DUMMYFUNCTION("FILTER( Movies!F22:F1000, DATEVALUE(Movies!B22:B1000) = W22 ) "),6.733333333333333) -> 6.7333333
B23: =Movies!C23 -> Biography, Drama, History | C23: =IFERROR(__xludf.DUMMYFUNCTION("ARRAYFORMULA(TRIM(SPLIT(B23, "",""))) "),"Biography") -> Biography | D23: =IFERROR(__xludf.DUMMYFUNCTION("""COMPUTED_VALUE"""),"Drama") -> Drama | E23: =IFERROR(__xludf.DUMMYFUNCTION("""COMPUTED_VALUE"""),"History") -> History | G23: =IFERROR(__xludf.DUMMYFUNCTION("""COMPUTED_VALUE"""),"Documentary") -> Documentary | J23: 2.2 | K23: =COUNTIFS(Movies[Final Score], "<" & J23, Movies[Final Score], ">=" & J22) -> 0 | S23: =IFERROR(__xludf.DUMMYFUNCTION("""COMPUTED_VALUE"""),45729.0) -> 45729 | T23: =COUNTIF(Movies!N:N, S23) -> 1 | U23: =SUM($T$2:T23) -> 121 | W23: =IFERROR(__xludf.DUMMYFUNCTION("""COMPUTED_VALUE"""),36602.0) -> 36602 | X23: =IFERROR(__xludf.DUMMYFUNCTION("FILTER( Movies!F23:F1000, DATEVALUE(Movies!B23:B1000) = W23 ) "),6.333333333333332) -> 6.3333333
B24: =Movies!C24 -> Action, Adventure, Sci-Fi | C24: =IFERROR(__xludf.DUMMYFUNCTION("ARRAYFORMULA(TRIM(SPLIT(B24, "",""))) "),"Action") -> Action | D24: =IFERROR(__xludf.DUMMYFUNCTION("""COMPUTED_VALUE"""),"Adventure") -> Adventure | E24: =IFERROR(__xludf.DUMMYFUNCTION("""COMPUTED_VALUE"""),"Sci-Fi") -> Sci-Fi | G24: =IFERROR(__xludf.DUMMYFUNCTION("""COMPUTED_VALUE"""),"") | J24: 2.3 | K24: =COUNTIFS(Movies[Final Score], "<" & J24, Movies[Final Score], ">=" & J23) -> 0 | S24: =IFERROR(__xludf.DUMMYFUNCTION("""COMPUTED_VALUE"""),45747.0) -> 45747 | T24: =COUNTIF(Movies!N:N, S24) -> 1 | U24: =SUM($T$2:T24) -> 122 | W24: =IFERROR(__xludf.DUMMYFUNCTION("""COMPUTED_VALUE"""),36651.0) -> 36651 | X24: =IFERROR(__xludf.DUMMYFUNCTION("FILTER( Movies!F24:F1000, DATEVALUE(Movies!B24:B1000) = W24 ) "),"#N/A") -> #N/A
B25: =Movies!C25 -> Adventure, Drama, Fantasy | C25: =IFERROR(__xludf.DUMMYFUNCTION("ARRAYFORMULA(TRIM(SPLIT(B25, "",""))) "),"Adventure") -> Adventure | D25: =IFERROR(__xludf.DUMMYFUNCTION("""COMPUTED_VALUE"""),"Drama") -> Drama | E25: =IFERROR(__xludf.DUMMYFUNCTION("""COMPUTED_VALUE"""),"Fantasy") -> Fantasy | G25: =IFERROR(__xludf.DUMMYFUNCTION("""COMPUTED_VALUE"""),"#VALUE!") -> #VALUE! | J25: 2.4 | K25: =COUNTIFS(Movies[Final Score], "<" & J25, Movies[Final Score], ">=" & J24) -> 0 | S25: =IFERROR(__xludf.DUMMYFUNCTION("""COMPUTED_VALUE"""),45751.0) -> 45751 | T25: =COUNTIF(Movies!N:N, S25) -> 1 | U25: =SUM($T$2:T25) -> 123 | W25: =IFERROR(__xludf.DUMMYFUNCTION("""COMPUTED_VALUE"""),36749.0) -> 36749 | X25: =IFERROR(__xludf.DUMMYFUNCTION("FILTER( Movies!F25:F1000, DATEVALUE(Movies!B25:B1000) = W25 ) "),5.3999999999999995) -> 5.4
B26: =Movies!C26 -> Action, Drama, Horror | C26: =IFERROR(__xludf.DUMMYFUNCTION("ARRAYFORMULA(TRIM(SPLIT(B26, "",""))) "),"Action") -> Action | D26: =IFERROR(__xludf.DUMMYFUNCTION("""COMPUTED_VALUE"""),"Drama") -> Drama | E26: =IFERROR(__xludf.DUMMYFUNCTION("""COMPUTED_VALUE"""),"Horror") -> Horror | J26: 2.5 | K26: =COUNTIFS(Movies[Final Score], "<" & J26, Movies[Final Score], ">=" & J25) -> 0 | S26: =IFERROR(__xludf.DUMMYFUNCTION("""COMPUTED_VALUE"""),45765.0) -> 45765 | T26: =COUNTIF(Movies!N:N, S26) -> 1 | U26: =SUM($T$2:T26) -> 124 | W26: =IFERROR(__xludf.DUMMYFUNCTION("""COMPUTED_VALUE"""),37036.0) -> 37036 | X26: =IFERROR(__xludf.DUMMYFUNCTION("FILTER( Movies!F26:F1000, DATEVALUE(Movies!B26:B1000) = W26 ) "),7.833333333333333) -> 7.8333333
B27: =Movies!C27 -> Action, Biography, Drama | C27: =IFERROR(__xludf.DUMMYFUNCTION("ARRAYFORMULA(TRIM(SPLIT(B27, "",""))) "),"Action") -> Action | D27: =IFERROR(__xludf.DUMMYFUNCTION("""COMPUTED_VALUE"""),"Biography") -> Biography | E27: =IFERROR(__xludf.DUMMYFUNCTION("""COMPUTED_VALUE"""),"Drama") -> Drama | J27: 2.6 | K27: =COUNTIFS(Movies[Final Score], "<" & J27, Movies[Final Score], ">=" & J26) -> 0 | S27: =IFERROR(__xludf.DUMMYFUNCTION("""COMPUTED_VALUE"""),45778.0) -> 45778 | T27: =COUNTIF(Movies!N:N, S27) -> 1 | U27: =SUM($T$2:T27) -> 125 | W27: =IFERROR(__xludf.DUMMYFUNCTION("""COMPUTED_VALUE"""),37211.0) -> 37211 | X27: =IFERROR(__xludf.DUMMYFUNCTION("FILTER( Movies!F27:F1000, DATEVALUE(Movies!B27:B1000) = W27 ) "),8.0) -> 8
B28: =Movies!C28 -> Adventure, Drama, Sci-Fi | C28: =IFERROR(__xludf.DUMMYFUNCTION("ARRAYFORMULA(TRIM(SPLIT(B28, "",""))) "),"Adventure") -> Adventure | D28: =IFERROR(__xludf.DUMMYFUNCTION("""COMPUTED_VALUE"""),"Drama") -> Drama | E28: =IFERROR(__xludf.DUMMYFUNCTION("""COMPUTED_VALUE"""),"Sci-Fi") -> Sci-Fi | J28: 2.7 | K28: =COUNTIFS(Movies[Final Score], "<" & J28, Movies[Final Score], ">=" & J27) -> 0 | S28: =IFERROR(__xludf.DUMMYFUNCTION("""COMPUTED_VALUE"""),45789.0) -> 45789 | T28: =COUNTIF(Movies!N:N, S28) -> 1 | U28: =SUM($T$2:T28) -> 126 | W28: =IFERROR(__xludf.DUMMYFUNCTION("""COMPUTED_VALUE"""),37232.0) -> 37232 | X28: =IFERROR(__xludf.DUMMYFUNCTION("FILTER( Movies!F28:F1000, DATEVALUE(Movies!B28:B1000) = W28 ) "),6.949999999999999) -> 6.95
B29: =Movies!C29 -> Animation, Action, Adventure | C29: =IFERROR(__xludf.DUMMYFUNCTION("ARRAYFORMULA(TRIM(SPLIT(B29, "",""))) "),"Animation") -> Animation | D29: =IFERROR(__xludf.DUMMYFUNCTION("""COMPUTED_VALUE"""),"Action") -> Action | E29: =IFERROR(__xludf.DUMMYFUNCTION("""COMPUTED_VALUE"""),"Adventure") -> Adventure | H29: =COUNTIF(C29:E1000, G29) -> 0 | J29: 2.8 | K29: =COUNTIFS(Movies[Final Score], "<" & J29, Movies[Final Score], ">=" & J28) -> 1 | S29: =IFERROR(__xludf.DUMMYFUNCTION("""COMPUTED_VALUE"""),45801.0) -> 45801 | T29: =COUNTIF(Movies!N:N, S29) -> 1 | U29: =SUM($T$2:T29) -> 127 | W29: =IFERROR(__xludf.DUMMYFUNCTION("""COMPUTED_VALUE"""),37244.0) -> 37244 | X29: =IFERROR(__xludf.DUMMYFUNCTION("FILTER( Movies!F29:F1000, DATEVALUE(Movies!B29:B1000) = W29 ) "),8.899999999999999) -> 8.9
B30: =Movies!C30 -> Action, Sci-Fi, Thriller | C30: =IFERROR(__xludf.DUMMYFUNCTION("ARRAYFORMULA(TRIM(SPLIT(B30, "",""))) "),"Action") -> Action | D30: =IFERROR(__xludf.DUMMYFUNCTION("""COMPUTED_VALUE"""),"Sci-Fi") -> Sci-Fi | E30: =IFERROR(__xludf.DUMMYFUNCTION("""COMPUTED_VALUE"""),"Thriller") -> Thriller | H30: =COUNTIF(C30:E1001, G30) -> 0 | J30: 2.9 | K30: =COUNTIFS(Movies[Final Score], "<" & J30, Movies[Final Score], ">=" & J29) -> 0 | S30: =IFERROR(__xludf.DUMMYFUNCTION("""COMPUTED_VALUE"""),45808.0) -> 45808 | T30: =COUNTIF(Movies!N:N, S30) -> 2 | U30: =SUM($T$2:T30) -> 129 | W30: =IFERROR(__xludf.DUMMYFUNCTION("""COMPUTED_VALUE"""),37274.0) -> 37274 | X30: =IFERROR(__xludf.DUMMYFUNCTION("FILTER( Movies!F30:F1000, DATEVALUE(Movies!B30:B1000) = W30 ) "),7.333333333333333) -> 7.3333333
B31: =Movies!C31 -> Drama, Romance | C31: =IFERROR(__xludf.DUMMYFUNCTION("ARRAYFORMULA(TRIM(SPLIT(B31, "",""))) "),"Drama") -> Drama | D31: =IFERROR(__xludf.DUMMYFUNCTION("""COMPUTED_VALUE"""),"Romance") -> Romance | H31: =COUNTIF(C31:E1002, G31) -> 0 | J31: 3 | K31: =COUNTIFS(Movies[Final Score], "<" & J31, Movies[Final Score], ">=" & J30) -> 0 | S31: =IFERROR(__xludf.DUMMYFUNCTION("""COMPUTED_VALUE"""),45820.0) -> 45820 | T31: =COUNTIF(Movies!N:N, S31) -> 1 | U31: =SUM($T$2:T31) -> 130 | W31: =IFERROR(__xludf.DUMMYFUNCTION("""COMPUTED_VALUE"""),37379.0) -> 37379 | X31: =IFERROR(__xludf.DUMMYFUNCTION("FILTER( Movies!F31:F1000, DATEVALUE(Movies!B31:B1000) = W31 ) "),7.449999999999999) -> 7.45
B32: =Movies!C32 -> Action, Crime, Drama | C32: =IFERROR(__xludf.DUMMYFUNCTION("ARRAYFORMULA(TRIM(SPLIT(B32, "",""))) "),"Action") -> Action | D32: =IFERROR(__xludf.DUMMYFUNCTION("""COMPUTED_VALUE"""),"Crime") -> Crime | E32: =IFERROR(__xludf.DUMMYFUNCTION("""COMPUTED_VALUE"""),"Drama") -> Drama | H32: =COUNTIF(C32:E1003, G32) -> 0 | J32: 3.1 | K32: =COUNTIFS(Movies[Final Score], "<" & J32, Movies[Final Score], ">=" & J31) -> 0 | S32: =IFERROR(__xludf.DUMMYFUNCTION("""COMPUTED_VALUE"""),45846.0) -> 45846 | T32: =COUNTIF(Movies!N:N, S32) -> 3 | U32: =SUM($T$2:T32) -> 133 | W32: =IFERROR(__xludf.DUMMYFUNCTION("""COMPUTED_VALUE"""),37421.0) -> 37421 | X32: =IFERROR(__xludf.DUMMYFUNCTION("FILTER( Movies!F32:F1000, DATEVALUE(Movies!B32:B1000) = W32 ) "),7.8) -> 7.8
B33: =Movies!C33 -> Adventure, Drama, Fantasy | C33: =IFERROR(__xludf.DUMMYFUNCTION("ARRAYFORMULA(TRIM(SPLIT(B33, "",""))) "),"Adventure") -> Adventure | D33: =IFERROR(__xludf.DUMMYFUNCTION("""COMPUTED_VALUE"""),"Drama") -> Drama | E33: =IFERROR(__xludf.DUMMYFUNCTION("""COMPUTED_VALUE"""),"Fantasy") -> Fantasy | J33: 3.2 | K33: =COUNTIFS(Movies[Final Score], "<" & J33, Movies[Final Score], ">=" & J32) -> 0 | S33: =IFERROR(__xludf.DUMMYFUNCTION("""COMPUTED_VALUE"""),45849.0) -> 45849 | T33: =COUNTIF(Movies!N:N, S33) -> 2 | U33: =SUM($T$2:T33) -> 135 | W33: =IFERROR(__xludf.DUMMYFUNCTION("""COMPUTED_VALUE"""),37575.0) -> 37575 | X33: =IFERROR(__xludf.DUMMYFUNCTION("FILTER( Movies!F33:F1000, DATEVALUE(Movies!B33:B1000) = W33 ) "),8.133333333333333) -> 8.1333333
B34: =Movies!C34 -> Crime, Drama, Mystery | C34: =IFERROR(__xludf.DUMMYFUNCTION("ARRAYFORMULA(TRIM(SPLIT(B34, "",""))) "),"Crime") -> Crime | D34: =IFERROR(__xludf.DUMMYFUNCTION("""COMPUTED_VALUE"""),"Drama") -> Drama | E34: =IFERROR(__xludf.DUMMYFUNCTION("""COMPUTED_VALUE"""),"Mystery") -> Mystery | J34: 3.3 | K34: =COUNTIFS(Movies[Final Score], "<" & J34, Movies[Final Score], ">=" & J33) -> 0 | S34: =IFERROR(__xludf.DUMMYFUNCTION("""COMPUTED_VALUE"""),45855.0) -> 45855 | T34: =COUNTIF(Movies!N:N, S34) -> 1 | U34: =SUM($T$2:T34) -> 136 | W34: =IFERROR(__xludf.DUMMYFUNCTION("""COMPUTED_VALUE"""),37608.0) -> 37608 | X34: =IFERROR(__xludf.DUMMYFUNCTION("FILTER( Movies!F34:F1000, DATEVALUE(Movies!B34:B1000) = W34 ) "),"#N/A") -> #N/A
B35: =Movies!C35 -> Action, Crime, Drama | C35: =IFERROR(__xludf.DUMMYFUNCTION("ARRAYFORMULA(TRIM(SPLIT(B35, "",""))) "),"Action") -> Action | D35: =IFERROR(__xludf.DUMMYFUNCTION("""COMPUTED_VALUE"""),"Crime") -> Crime | E35: =IFERROR(__xludf.DUMMYFUNCTION("""COMPUTED_VALUE"""),"Drama") -> Drama | J35: 3.4 | K35: =COUNTIFS(Movies[Final Score], "<" & J35, Movies[Final Score], ">=" & J34) -> 0 | S35: =IFERROR(__xludf.DUMMYFUNCTION("""COMPUTED_VALUE"""),45858.0) -> 45858 | T35: =COUNTIF(Movies!N:N, S35) -> 2 | U35: =SUM($T$2:T35) -> 138 | W35: =IFERROR(__xludf.DUMMYFUNCTION("""COMPUTED_VALUE"""),37615.0) -> 37615 | X35: =IFERROR(__xludf.DUMMYFUNCTION("FILTER( Movies!F35:F1000, DATEVALUE(Movies!B35:B1000) = W35 ) "),8.499999999999998) -> 8.5
B36: =Movies!C36 -> Drama, War | C36: =IFERROR(__xludf.DUMMYFUNCTION("ARRAYFORMULA(TRIM(SPLIT(B36, "",""))) "),"Drama") -> Drama | D36: =IFERROR(__xludf.DUMMYFUNCTION("""COMPUTED_VALUE"""),"War") -> War | J36: 3.5 | K36: =COUNTIFS(Movies[Final Score], "<" & J36, Movies[Final Score], ">=" & J35) -> 1 | S36: =IFERROR(__xludf.DUMMYFUNCTION("""COMPUTED_VALUE"""),45861.0) -> 45861 | T36: =COUNTIF(Movies!N:N, S36) -> 3 | U36: =SUM($T$2:T36) -> 141 | W36: =IFERROR(__xludf.DUMMYFUNCTION("""COMPUTED_VALUE"""),37652.0) -> 37652 | X36: =IFERROR(__xludf.DUMMYFUNCTION("FILTER( Movies!F36:F1000, DATEVALUE(Movies!B36:B1000) = W36 ) "),6.6000000000000005) -> 6.6
B37: =Movies!C37 -> Drama, Romance | C37: =IFERROR(__xludf.DUMMYFUNCTION("ARRAYFORMULA(TRIM(SPLIT(B37, "",""))) "),"Drama") -> Drama | D37: =IFERROR(__xludf.DUMMYFUNCTION("""COMPUTED_VALUE"""),"Romance") -> Romance | J37: 3.6 | K37: =COUNTIFS(Movies[Final Score], "<" & J37, Movies[Final Score], ">=" & J36) -> 1 | S37: =IFERROR(__xludf.DUMMYFUNCTION("""COMPUTED_VALUE"""),45863.0) -> 45863 | T37: =COUNTIF(Movies!N:N, S37) -> 4 | U37: =SUM($T$2:T37) -> 145 | W37: =IFERROR(__xludf.DUMMYFUNCTION("""COMPUTED_VALUE"""),37743.0) -> 37743 | X37: =IFERROR(__xludf.DUMMYFUNCTION("FILTER( Movies!F37:F1000, DATEVALUE(Movies!B37:B1000) = W37 ) "),"#N/A") -> #N/A
B38: =Movies!C38 -> Action, Adventure, Sci-Fi | C38: =IFERROR(__xludf.DUMMYFUNCTION("ARRAYFORMULA(TRIM(SPLIT(B38, "",""))) "),"Action") -> Action | D38: =IFERROR(__xludf.DUMMYFUNCTION("""COMPUTED_VALUE"""),"Adventure") -> Adventure | E38: =IFERROR(__xludf.DUMMYFUNCTION("""COMPUTED_VALUE"""),"Sci-Fi") -> Sci-Fi | J38: 3.7 | K38: =COUNTIFS(Movies[Final Score], "<" & J38, Movies[Final Score], ">=" & J37) -> 0 | S38: =IFERROR(__xludf.DUMMYFUNCTION("""COMPUTED_VALUE"""),45864.0) -> 45864 | T38: =COUNTIF(Movies!N:N, S38) -> 1 | U38: =SUM($T$2:T38) -> 146 | W38: =IFERROR(__xludf.DUMMYFUNCTION("""COMPUTED_VALUE"""),37764.0) -> 37764 | X38: =IFERROR(__xludf.DUMMYFUNCTION("FILTER( Movies!F38:F1000, DATEVALUE(Movies!B38:B1000) = W38 ) "),6.866666666666667) -> 6.8666667
B39: =Movies!C39 -> Drama, Romance, Sci-Fi | C39: =IFERROR(__xludf.DUMMYFUNCTION("ARRAYFORMULA(TRIM(SPLIT(B39, "",""))) "),"Drama") -> Drama | D39: =IFERROR(__xludf.DUMMYFUNCTION("""COMPUTED_VALUE"""),"Romance") -> Romance | E39: =IFERROR(__xludf.DUMMYFUNCTION("""COMPUTED_VALUE"""),"Sci-Fi") -> Sci-Fi | J39: 3.8 | K39: =COUNTIFS(Movies[Final Score], "<" & J39, Movies[Final Score], ">=" & J38) -> 0 | S39: =IFERROR(__xludf.DUMMYFUNCTION("""COMPUTED_VALUE"""),45865.0) -> 45865 | T39: =COUNTIF(Movies!N:N, S39) -> 1 | U39: =SUM($T$2:T39) -> 147 | W39: =IFERROR(__xludf.DUMMYFUNCTION("""COMPUTED_VALUE"""),37799.0) -> 37799 | X39: =IFERROR(__xludf.DUMMYFUNCTION("FILTER( Movies!F39:F1000, DATEVALUE(Movies!B39:B1000) = W39 ) "),5.916666666666667) -> 5.9166667
B40: =Movies!C40 -> Action, Drama, Mystery | C40: =IFERROR(__xludf.DUMMYFUNCTION("ARRAYFORMULA(TRIM(SPLIT(B40, "",""))) "),"Action") -> Action | D40: =IFERROR(__xludf.DUMMYFUNCTION("""COMPUTED_VALUE"""),"Drama") -> Drama | E40: =IFERROR(__xludf.DUMMYFUNCTION("""COMPUTED_VALUE"""),"Mystery") -> Mystery | J40: 3.9 | K40: =COUNTIFS(Movies[Final Score], "<" & J40, Movies[Final Score], ">=" & J39) -> 0 | S40: =IFERROR(__xludf.DUMMYFUNCTION("""COMPUTED_VALUE"""),45868.0) -> 45868 | T40: =COUNTIF(Movies!N:N, S40) -> 2 | U40: =SUM($T$2:T40) -> 149 | W40: =IFERROR(__xludf.DUMMYFUNCTION("""COMPUTED_VALUE"""),37883.0) -> 37883 | X40: =IFERROR(__xludf.DUMMYFUNCTION("FILTER( Movies!F40:F1000, DATEVALUE(Movies!B40:B1000) = W40 ) "),6.216666666666666) -> 6.2166667
B41: =Movies!C41 -> Biography, Drama, Thriller | C41: =IFERROR(__xludf.DUMMYFUNCTION("ARRAYFORMULA(TRIM(SPLIT(B41, "",""))) "),"Biography") -> Biography | D41: =IFERROR(__xludf.DUMMYFUNCTION("""COMPUTED_VALUE"""),"Drama") -> Drama | E41: =IFERROR(__xludf.DUMMYFUNCTION("""COMPUTED_VALUE"""),"Thriller") -> Thriller | J41: 4 | K41: =COUNTIFS(Movies[Final Score], "<" & J41, Movies[Final Score], ">=" & J40) -> 0 | S41: =IFERROR(__xludf.DUMMYFUNCTION("""COMPUTED_VALUE"""),45874.0) -> 45874 | T41: =COUNTIF(Movies!N:N, S41) -> 30 | U41: =SUM($T$2:T41) -> 179 | W41: =IFERROR(__xludf.DUMMYFUNCTION("""COMPUTED_VALUE"""),37972.0) -> 37972 | X41: =IFERROR(__xludf.DUMMYFUNCTION("FILTER( Movies!F41:F1000, DATEVALUE(Movies!B41:B1000) = W41 ) "),"#N/A") -> #N/A
B42: =Movies!C42 -> Action, Adventure, Comedy | C42: =IFERROR(__xludf.DUMMYFUNCTION("ARRAYFORMULA(TRIM(SPLIT(B42, "",""))) "),"Action") -> Action | D42: =IFERROR(__xludf.DUMMYFUNCTION("""COMPUTED_VALUE"""),"Adventure") -> Adventure | E42: =IFERROR(__xludf.DUMMYFUNCTION("""COMPUTED_VALUE"""),"Comedy") -> Comedy | J42: 4.1 | K42: =COUNTIFS(Movies[Final Score], "<" & J42, Movies[Final Score], ">=" & J41) -> 0 | S42: =IFERROR(__xludf.DUMMYFUNCTION("""COMPUTED_VALUE"""),45875.0) -> 45875 | T42: =COUNTIF(Movies!N:N, S42) -> 1 | U42: =SUM($T$2:T42) -> 180 | W42: =IFERROR(__xludf.DUMMYFUNCTION("""COMPUTED_VALUE"""),38142.0) -> 38142 | X42: =IFERROR(__xludf.DUMMYFUNCTION("FILTER( Movies!F42:F1000, DATEVALUE(Movies!B42:B1000) = W42 ) "),7.999999999999999) -> 8
B43: =Movies!C43 -> Action, Adventure, Comedy | C43: =IFERROR(__xludf.DUMMYFUNCTION("ARRAYFORMULA(TRIM(SPLIT(B43, "",""))) "),"Action") -> Action | D43: =IFERROR(__xludf.DUMMYFUNCTION("""COMPUTED_VALUE"""),"Adventure") -> Adventure | E43: =IFERROR(__xludf.DUMMYFUNCTION("""COMPUTED_VALUE"""),"Comedy") -> Comedy | J43: 4.2 | K43: =COUNTIFS(Movies[Final Score], "<" & J43, Movies[Final Score], ">=" & J42) -> 0 | S43: =IFERROR(__xludf.DUMMYFUNCTION("""COMPUTED_VALUE"""),45881.0) -> 45881 | T43: =COUNTIF(Movies!N:N, S43) -> 1 | U43: =SUM($T$2:T43) -> 181 | W43: =IFERROR(__xludf.DUMMYFUNCTION("""COMPUTED_VALUE"""),38163.0) -> 38163 | X43: =IFERROR(__xludf.DUMMYFUNCTION("FILTER( Movies!F43:F1000, DATEVALUE(Movies!B43:B1000) = W43 ) "),7.916666666666667) -> 7.9166667
B44: =Movies!C44 -> Action, Crime, Drama | C44: =IFERROR(__xludf.DUMMYFUNCTION("ARRAYFORMULA(TRIM(SPLIT(B44, "",""))) "),"Action") -> Action | D44: =IFERROR(__xludf.DUMMYFUNCTION("""COMPUTED_VALUE"""),"Crime") -> Crime | E44: =IFERROR(__xludf.DUMMYFUNCTION("""COMPUTED_VALUE"""),"Drama") -> Drama | J44: 4.3 | K44: =COUNTIFS(Movies[Final Score], "<" & J44, Movies[Final Score], ">=" & J43) -> 0 | S44: =IFERROR(__xludf.DUMMYFUNCTION("""COMPUTED_VALUE"""),45886.0) -> 45886 | T44: =COUNTIF(Movies!N:N, S44) -> 1 | U44: =SUM($T$2:T44) -> 182 | W44: =IFERROR(__xludf.DUMMYFUNCTION("""COMPUTED_VALUE"""),38168.0) -> 38168 | X44: =IFERROR(__xludf.DUMMYFUNCTION("FILTER( Movies!F44:F1000, DATEVALUE(Movies!B44:B1000) = W44 ) "),6.783333333333334) -> 6.7833333
B45: =Movies!C45 -> Action, Adventure, Sci-Fi | C45: =IFERROR(__xludf.DUMMYFUNCTION("ARRAYFORMULA(TRIM(SPLIT(B45, "",""))) "),"Action") -> Action | D45: =IFERROR(__xludf.DUMMYFUNCTION("""COMPUTED_VALUE"""),"Adventure") -> Adventure | E45: =IFERROR(__xludf.DUMMYFUNCTION("""COMPUTED_VALUE"""),"Sci-Fi") -> Sci-Fi | J45: 4.4 | K45: =COUNTIFS(Movies[Final Score], "<" & J45, Movies[Final Score], ">=" & J44) -> 1 | S45: =IFERROR(__xludf.DUMMYFUNCTION("""COMPUTED_VALUE"""),45887.0) -> 45887 | T45: =COUNTIF(Movies!N:N, S45) -> 1 | U45: =SUM($T$2:T45) -> 183 | W45: =IFERROR(__xludf.DUMMYFUNCTION("""COMPUTED_VALUE"""),38184.0) -> 38184 | X45: =IFERROR(__xludf.DUMMYFUNCTION("FILTER( Movies!F45:F1000, DATEVALUE(Movies!B45:B1000) = W45 ) "),6.1000000000000005) -> 6.1
B46: =Movies!C46 -> Biography, Comedy, Drama | C46: =IFERROR(__xludf.DUMMYFUNCTION("ARRAYFORMULA(TRIM(SPLIT(B46, "",""))) "),"Biography") -> Biography | D46: =IFERROR(__xludf.DUMMYFUNCTION("""COMPUTED_VALUE"""),"Comedy") -> Comedy | E46: =IFERROR(__xludf.DUMMYFUNCTION("""COMPUTED_VALUE"""),"Drama") -> Drama | J46: 4.5 | K46: =COUNTIFS(Movies[Final Score], "<" & J46, Movies[Final Score], ">=" & J45) -> 3 | S46: =IFERROR(__xludf.DUMMYFUNCTION("""COMPUTED_VALUE"""),45888.0) -> 45888 | T46: =COUNTIF(Movies!N:N, S46) -> 1 | U46: =SUM($T$2:T46) -> 184 | W46: =IFERROR(__xludf.DUMMYFUNCTION("""COMPUTED_VALUE"""),38191.0) -> 38191 | X46: =IFERROR(__xludf.DUMMYFUNCTION("FILTER( Movies!F46:F1000, DATEVALUE(Movies!B46:B1000) = W46 ) "),7.833333333333333) -> 7.8333333
B47: =Movies!C47 -> Drama, History, War | C47: =IFERROR(__xludf.DUMMYFUNCTION("ARRAYFORMULA(TRIM(SPLIT(B47, "",""))) "),"Drama") -> Drama | D47: =IFERROR(__xludf.DUMMYFUNCTION("""COMPUTED_VALUE"""),"History") -> History | E47: =IFERROR(__xludf.DUMMYFUNCTION("""COMPUTED_VALUE"""),"War") -> War | J47: 4.6 | K47: =COUNTIFS(Movies[Final Score], "<" & J47, Movies[Final Score], ">=" & J46) -> 0 | S47: =IFERROR(__xludf.DUMMYFUNCTION("""COMPUTED_VALUE"""),45890.0) -> 45890 | T47: =COUNTIF(Movies!N:N, S47) -> 1 | U47: =SUM($T$2:T47) -> 185 | W47: =IFERROR(__xludf.DUMMYFUNCTION("""COMPUTED_VALUE"""),38198.0) -> 38198 | X47: =IFERROR(__xludf.DUMMYFUNCTION("FILTER( Movies!F47:F1000, DATEVALUE(Movies!B47:B1000) = W47 ) "),"#N/A") -> #N/A
B48: =Movies!C48 -> Action, Drama, Sport | C48: =IFERROR(__xludf.DUMMYFUNCTION("ARRAYFORMULA(TRIM(SPLIT(B48, "",""))) "),"Action") -> Action | D48: =IFERROR(__xludf.DUMMYFUNCTION("""COMPUTED_VALUE"""),"Drama") -> Drama | E48: =IFERROR(__xludf.DUMMYFUNCTION("""COMPUTED_VALUE"""),"Sport") -> Sport | J48: 4.7 | K48: =COUNTIFS(Movies[Final Score], "<" & J48, Movies[Final Score], ">=" & J47) -> 1 | S48: =IFERROR(__xludf.DUMMYFUNCTION("""COMPUTED_VALUE"""),45891.0) -> 45891 | T48: =COUNTIF(Movies!N:N, S48) -> 1 | U48: =SUM($T$2:T48) -> 186 | W48: =IFERROR(__xludf.DUMMYFUNCTION("""COMPUTED_VALUE"""),38296.0) -> 38296 | X48: =IFERROR(__xludf.DUMMYFUNCTION("FILTER( Movies!F48:F1000, DATEVALUE(Movies!B48:B1000) = W48 ) "),6.983333333333333) -> 6.9833333
B49: =Movies!C49 -> Action, Biography, Drama | C49: =IFERROR(__xludf.DUMMYFUNCTION("ARRAYFORMULA(TRIM(SPLIT(B49, "",""))) "),"Action") -> Action | D49: =IFERROR(__xludf.DUMMYFUNCTION("""COMPUTED_VALUE"""),"Biography") -> Biography | E49: =IFERROR(__xludf.DUMMYFUNCTION("""COMPUTED_VALUE"""),"Drama") -> Drama | J49: 4.8 | K49: =COUNTIFS(Movies[Final Score], "<" & J49, Movies[Final Score], ">=" & J48) -> 1 | S49: =IFERROR(__xludf.DUMMYFUNCTION("""COMPUTED_VALUE"""),45892.0) -> 45892 | T49: =COUNTIF(Movies!N:N, S49) -> 2 | U49: =SUM($T$2:T49) -> 188 | W49: =IFERROR(__xludf.DUMMYFUNCTION("""COMPUTED_VALUE"""),38331.0) -> 38331 | X49: =IFERROR(__xludf.DUMMYFUNCTION("FILTER( Movies!F49:F1000, DATEVALUE(Movies!B49:B1000) = W49 ) "),7.8) -> 7.8
B50: =Movies!C50 -> Action, Comedy, Sci-Fi | C50: =IFERROR(__xludf.DUMMYFUNCTION("ARRAYFORMULA(TRIM(SPLIT(B50, "",""))) "),"Action") -> Action | D50: =IFERROR(__xludf.DUMMYFUNCTION("""COMPUTED_VALUE"""),"Comedy") -> Comedy | E50: =IFERROR(__xludf.DUMMYFUNCTION("""COMPUTED_VALUE"""),"Sci-Fi") -> Sci-Fi | J50: 4.9 | K50: =COUNTIFS(Movies[Final Score], "<" & J50, Movies[Final Score], ">=" & J49) -> 2 | S50: =IFERROR(__xludf.DUMMYFUNCTION("""COMPUTED_VALUE"""),45899.0) -> 45899 | T50: =COUNTIF(Movies!N:N, S50) -> 1 | U50: =SUM($T$2:T50) -> 189 | W50: =IFERROR(__xludf.DUMMYFUNCTION("""COMPUTED_VALUE"""),38518.0) -> 38518 | X50: =IFERROR(__xludf.DUMMYFUNCTION("FILTER( Movies!F50:F1000, DATEVALUE(Movies!B50:B1000) = W50 ) "),8.116666666666667) -> 8.1166667
B51: =Movies!C51 -> Action, Sci-Fi, Thriller | C51: =IFERROR(__xludf.DUMMYFUNCTION("ARRAYFORMULA(TRIM(SPLIT(B51, "",""))) "),"Action") -> Action | D51: =IFERROR(__xludf.DUMMYFUNCTION("""COMPUTED_VALUE"""),"Sci-Fi") -> Sci-Fi | E51: =IFERROR(__xludf.DUMMYFUNCTION("""COMPUTED_VALUE"""),"Thriller") -> Thriller | J51: 5 | K51: =COUNTIFS(Movies[Final Score], "<" & J51, Movies[Final Score], ">=" & J50) -> 2 | S51: =IFERROR(__xludf.DUMMYFUNCTION("""COMPUTED_VALUE"""),45908.0) -> 45908 | T51: =COUNTIF(Movies!N:N, S51) -> 1 | U51: =SUM($T$2:T51) -> 190 | W51: =IFERROR(__xludf.DUMMYFUNCTION("""COMPUTED_VALUE"""),38674.0) -> 38674 | X51: =IFERROR(__xludf.DUMMYFUNCTION("FILTER( Movies!F51:F1000, DATEVALUE(Movies!B51:B1000) = W51 ) "),7.933333333333334) -> 7.9333333
B52: =Movies!C52 -> Action, Crime, Thriller | C52: =IFERROR(__xludf.DUMMYFUNCTION("ARRAYFORMULA(TRIM(SPLIT(B52, "",""))) "),"Action") -> Action | D52: =IFERROR(__xludf.DUMMYFUNCTION("""COMPUTED_VALUE"""),"Crime") -> Crime | E52: =IFERROR(__xludf.DUMMYFUNCTION("""COMPUTED_VALUE"""),"Thriller") -> Thriller | J52: 5.1 | K52: =COUNTIFS(Movies[Final Score], "<" & J52, Movies[Final Score], ">=" & J51) -> 1 | S52: =IFERROR(__xludf.DUMMYFUNCTION("""COMPUTED_VALUE"""),45909.0) -> 45909 | T52: =COUNTIF(Movies!N:N, S52) -> 1 | U52: =SUM($T$2:T52) -> 191 | W52: =IFERROR(__xludf.DUMMYFUNCTION("""COMPUTED_VALUE"""),38737.0) -> 38737 | X52: =IFERROR(__xludf.DUMMYFUNCTION("FILTER( Movies!F52:F1000, DATEVALUE(Movies!B52:B1000) = W52 ) "),6.266666666666667) -> 6.2666667
B53: =Movies!C53 -> Action, Sci-Fi | C53: =IFERROR(__xludf.DUMMYFUNCTION("ARRAYFORMULA(TRIM(SPLIT(B53, "",""))) "),"Action") -> Action | D53: =IFERROR(__xludf.DUMMYFUNCTION("""COMPUTED_VALUE"""),"Sci-Fi") -> Sci-Fi | J53: 5.2 | K53: =COUNTIFS(Movies[Final Score], "<" & J53, Movies[Final Score], ">=" & J52) -> 2 | S53: =IFERROR(__xludf.DUMMYFUNCTION("""COMPUTED_VALUE"""),45912.0) -> 45912 | T53: =COUNTIF(Movies!N:N, S53) -> 1 | U53: =SUM($T$2:T53) -> 192 | W53: =IFERROR(__xludf.DUMMYFUNCTION("""COMPUTED_VALUE"""),38758.0) -> 38758 | X53: =IFERROR(__xludf.DUMMYFUNCTION("FILTER( Movies!F53:F1000, DATEVALUE(Movies!B53:B1000) = W53 ) "),6.616666666666667) -> 6.6166667
B54: =Movies!C54 -> Action, Adventure, Comedy | C54: =IFERROR(__xludf.DUMMYFUNCTION("ARRAYFORMULA(TRIM(SPLIT(B54, "",""))) "),"Action") -> Action | D54: =IFERROR(__xludf.DUMMYFUNCTION("""COMPUTED_VALUE"""),"Adventure") -> Adventure | E54: =IFERROR(__xludf.DUMMYFUNCTION("""COMPUTED_VALUE"""),"Comedy") -> Comedy | J54: 5.3 | K54: =COUNTIFS(Movies[Final Score], "<" & J54, Movies[Final Score], ">=" & J53) -> 3 | S54: =IFERROR(__xludf.DUMMYFUNCTION("""COMPUTED_VALUE"""),45918.0) -> 45918 | T54: =COUNTIF(Movies!N:N, S54) -> 1 | U54: =SUM($T$2:T54) -> 193 | W54: =IFERROR(__xludf.DUMMYFUNCTION("""COMPUTED_VALUE"""),38877.0) -> 38877 | X54: =IFERROR(__xludf.DUMMYFUNCTION("FILTER( Movies!F54:F1000, DATEVALUE(Movies!B54:B1000) = W54 ) "),8.133333333333333) -> 8.1333333
B55: =Movies!C55 -> Action, Adventure, Sci-Fi | C55: =IFERROR(__xludf.DUMMYFUNCTION("ARRAYFORMULA(TRIM(SPLIT(B55, "",""))) "),"Action") -> Action | D55: =IFERROR(__xludf.DUMMYFUNCTION("""COMPUTED_VALUE"""),"Adventure") -> Adventure | E55: =IFERROR(__xludf.DUMMYFUNCTION("""COMPUTED_VALUE"""),"Sci-Fi") -> Sci-Fi | J55: 5.4 | K55: =COUNTIFS(Movies[Final Score], "<" & J55, Movies[Final Score], ">=" & J54) -> 1 | S55: =IFERROR(__xludf.DUMMYFUNCTION("""COMPUTED_VALUE"""),45919.0) -> 45919 | T55: =COUNTIF(Movies!N:N, S55) -> 1 | U55: =SUM($T$2:T55) -> 194 | W55: =IFERROR(__xludf.DUMMYFUNCTION("""COMPUTED_VALUE"""),38926.0) -> 38926 | X55: =IFERROR(__xludf.DUMMYFUNCTION("FILTER( Movies!F55:F1000, DATEVALUE(Movies!B55:B1000) = W55 ) "),7.0) -> 7
B56: =Movies!C56 -> Drama, Romance | C56: =IFERROR(__xludf.DUMMYFUNCTION("ARRAYFORMULA(TRIM(SPLIT(B56, "",""))) "),"Drama") -> Drama | D56: =IFERROR(__xludf.DUMMYFUNCTION("""COMPUTED_VALUE"""),"Romance") -> Romance | J56: 5.5 | K56: =COUNTIFS(Movies[Final Score], "<" & J56, Movies[Final Score], ">=" & J55) -> 2 | S56: =IFERROR(__xludf.DUMMYFUNCTION("""COMPUTED_VALUE"""),45920.0) -> 45920 | T56: =COUNTIF(Movies!N:N, S56) -> 1 | U56: =SUM($T$2:T56) -> 195 | W56: =IFERROR(__xludf.DUMMYFUNCTION("""COMPUTED_VALUE"""),38947.0) -> 38947 | X56: =IFERROR(__xludf.DUMMYFUNCTION("FILTER( Movies!F56:F1000, DATEVALUE(Movies!B56:B1000) = W56 ) "),6.433333333333334) -> 6.4333333
B57: =Movies!C57 -> Action, Adventure, Fantasy | C57: =IFERROR(__xludf.DUMMYFUNCTION("ARRAYFORMULA(TRIM(SPLIT(B57, "",""))) "),"Action") -> Action | D57: =IFERROR(__xludf.DUMMYFUNCTION("""COMPUTED_VALUE"""),"Adventure") -> Adventure | E57: =IFERROR(__xludf.DUMMYFUNCTION("""COMPUTED_VALUE"""),"Fantasy") -> Fantasy | J57: 5.6 | K57: =COUNTIFS(Movies[Final Score], "<" & J57, Movies[Final Score], ">=" & J56) -> 5 | S57: =IFERROR(__xludf.DUMMYFUNCTION("""COMPUTED_VALUE"""),45925.0) -> 45925 | T57: =COUNTIF(Movies!N:N, S57) -> 3 | U57: =SUM($T$2:T57) -> 198 | W57: =IFERROR(__xludf.DUMMYFUNCTION("""COMPUTED_VALUE"""),39010.0) -> 39010 | X57: =IFERROR(__xludf.DUMMYFUNCTION("FILTER( Movies!F57:F1000, DATEVALUE(Movies!B57:B1000) = W57 ) "),"#N/A") -> #N/A
B58: =Movies!C58 -> Action, Adventure, Sci-Fi | C58: =IFERROR(__xludf.DUMMYFUNCTION("ARRAYFORMULA(TRIM(SPLIT(B58, "",""))) "),"Action") -> Action | D58: =IFERROR(__xludf.DUMMYFUNCTION("""COMPUTED_VALUE"""),"Adventure") -> Adventure | E58: =IFERROR(__xludf.DUMMYFUNCTION("""COMPUTED_VALUE"""),"Sci-Fi") -> Sci-Fi | J58: 5.7 | K58: =COUNTIFS(Movies[Final Score], "<" & J58, Movies[Final Score], ">=" & J57) -> 2 | S58: =IFERROR(__xludf.DUMMYFUNCTION("""COMPUTED_VALUE"""),45930.0) -> 45930 | T58: =COUNTIF(Movies!N:N, S58) -> 1 | U58: =SUM($T$2:T58) -> 199 | W58: =IFERROR(__xludf.DUMMYFUNCTION("""COMPUTED_VALUE"""),39024.0) -> 39024 | X58: =IFERROR(__xludf.DUMMYFUNCTION("FILTER( Movies!F58:F1000, DATEVALUE(Movies!B58:B1000) = W58 ) "),6.533333333333334) -> 6.5333333
B59: =Movies!C59 -> Fantasy, Adventure | C59: =IFERROR(__xludf.DUMMYFUNCTION("ARRAYFORMULA(TRIM(SPLIT(B59, "",""))) "),"Fantasy") -> Fantasy | D59: =IFERROR(__xludf.DUMMYFUNCTION("""COMPUTED_VALUE"""),"Adventure") -> Adventure | J59: 5.8 | K59: =COUNTIFS(Movies[Final Score], "<" & J59, Movies[Final Score], ">=" & J58) -> 4 | S59: =IFERROR(__xludf.DUMMYFUNCTION("""COMPUTED_VALUE"""),45933.0) -> 45933 | T59: =COUNTIF(Movies!N:N, S59) -> 1 | U59: =SUM($T$2:T59) -> 200 | W59: =IFERROR(__xludf.DUMMYFUNCTION("""COMPUTED_VALUE"""),39038.0) -> 39038 | X59: =IFERROR(__xludf.DUMMYFUNCTION("FILTER( Movies!F59:F1000, DATEVALUE(Movies!B59:B1000) = W59 ) "),8.033333333333333) -> 8.0333333
B60: =Movies!C60 -> Biography, Crime, Drama | C60: =IFERROR(__xludf.DUMMYFUNCTION("ARRAYFORMULA(TRIM(SPLIT(B60, "",""))) "),"Biography") -> Biography | D60: =IFERROR(__xludf.DUMMYFUNCTION("""COMPUTED_VALUE"""),"Crime") -> Crime | E60: =IFERROR(__xludf.DUMMYFUNCTION("""COMPUTED_VALUE"""),"Drama") -> Drama | J60: 5.9 | K60: =COUNTIFS(Movies[Final Score], "<" & J60, Movies[Final Score], ">=" & J59) -> 5 | S60: =IFERROR(__xludf.DUMMYFUNCTION("""COMPUTED_VALUE"""),45944.0) -> 45944 | T60: =COUNTIF(Movies!N:N, S60) -> 1 | U60: =SUM($T$2:T60) -> 201 | W60: =IFERROR(__xludf.DUMMYFUNCTION("""COMPUTED_VALUE"""),39150.0) -> 39150 | X60: =IFERROR(__xludf.DUMMYFUNCTION("FILTER( Movies!F60:F1000, DATEVALUE(Movies!B60:B1000) = W60 ) "),7.866666666666667) -> 7.8666667
B61: =Movies!C61 -> Action, Drama, History | C61: =IFERROR(__xludf.DUMMYFUNCTION("ARRAYFORMULA(TRIM(SPLIT(B61, "",""))) "),"Action") -> Action | D61: =IFERROR(__xludf.DUMMYFUNCTION("""COMPUTED_VALUE"""),"Drama") -> Drama | E61: =IFERROR(__xludf.DUMMYFUNCTION("""COMPUTED_VALUE"""),"History") -> History | J61: 6 | K61: =COUNTIFS(Movies[Final Score], "<" & J61, Movies[Final Score], ">=" & J60) -> 5 | S61: =IFERROR(__xludf.DUMMYFUNCTION("""COMPUTED_VALUE"""),45948.0) -> 45948 | T61: =COUNTIF(Movies!N:N, S61) -> 2 | U61: =SUM($T$2:T61) -> 203 | W61: =IFERROR(__xludf.DUMMYFUNCTION("""COMPUTED_VALUE"""),39206.0) -> 39206 | X61: =IFERROR(__xludf.DUMMYFUNCTION("FILTER( Movies!F61:F1000, DATEVALUE(Movies!B61:B1000) = W61 ) "),6.816666666666667) -> 6.8166667
B62: =Movies!C62 -> Drama, Mystery, Sci-Fi | C62: =IFERROR(__xludf.DUMMYFUNCTION("ARRAYFORMULA(TRIM(SPLIT(B62, "",""))) "),"Drama") -> Drama | D62: =IFERROR(__xludf.DUMMYFUNCTION("""COMPUTED_VALUE"""),"Mystery") -> Mystery | E62: =IFERROR(__xludf.DUMMYFUNCTION("""COMPUTED_VALUE"""),"Sci-Fi") -> Sci-Fi | J62: 6.1 | K62: =COUNTIFS(Movies[Final Score], "<" & J62, Movies[Final Score], ">=" & J61) -> 5 | S62: =IFERROR(__xludf.DUMMYFUNCTION("""COMPUTED_VALUE"""),45949.0) -> 45949 | T62: =COUNTIF(Movies!N:N, S62) -> 1 | U62: =SUM($T$2:T62) -> 204 | W62: =IFERROR(__xludf.DUMMYFUNCTION("""COMPUTED_VALUE"""),39213.0) -> 39213 | X62: =IFERROR(__xludf.DUMMYFUNCTION("FILTER( Movies!F62:F1000, DATEVALUE(Movies!B62:B1000) = W62 ) "),6.816666666666666) -> 6.8166667
B63: =Movies!C63 -> Action, Crime, Drama | C63: =IFERROR(__xludf.DUMMYFUNCTION("ARRAYFORMULA(TRIM(SPLIT(B63, "",""))) "),"Action") -> Action | D63: =IFERROR(__xludf.DUMMYFUNCTION("""COMPUTED_VALUE"""),"Crime") -> Crime | E63: =IFERROR(__xludf.DUMMYFUNCTION("""COMPUTED_VALUE"""),"Drama") -> Drama | J63: 6.2 | K63: =COUNTIFS(Movies[Final Score], "<" & J63, Movies[Final Score], ">=" & J62) -> 6 | S63: =IFERROR(__xludf.DUMMYFUNCTION("""COMPUTED_VALUE"""),45955.0) -> 45955 | T63: =COUNTIF(Movies!N:N, S63) -> 1 | U63: =SUM($T$2:T63) -> 205 | W63: =IFERROR(__xludf.DUMMYFUNCTION("""COMPUTED_VALUE"""),39255.0) -> 39255 | X63: =IFERROR(__xludf.DUMMYFUNCTION("FILTER( Movies!F63:F1000, DATEVALUE(Movies!B63:B1000) = W63 ) "),5.533333333333334) -> 5.5333333
B64: =Movies!C64 -> Action, Drama, War | C64: =IFERROR(__xludf.DUMMYFUNCTION("ARRAYFORMULA(TRIM(SPLIT(B64, "",""))) "),"Action") -> Action | D64: =IFERROR(__xludf.DUMMYFUNCTION("""COMPUTED_VALUE"""),"Drama") -> Drama | E64: =IFERROR(__xludf.DUMMYFUNCTION("""COMPUTED_VALUE"""),"War") -> War | J64: 6.3 | K64: =COUNTIFS(Movies[Final Score], "<" & J64, Movies[Final Score], ">=" & J63) -> 10 | S64: =IFERROR(__xludf.DUMMYFUNCTION("""COMPUTED_VALUE"""),45957.0) -> 45957 | T64: =COUNTIF(Movies!N:N, S64) -> 1 | U64: =SUM($T$2:T64) -> 206 | W64: =IFERROR(__xludf.DUMMYFUNCTION("""COMPUTED_VALUE"""),39262.0) -> 39262 | X64: =IFERROR(__xludf.DUMMYFUNCTION("FILTER( Movies!F64:F1000, DATEVALUE(Movies!B64:B1000) = W64 ) "),8.05) -> 8.05
B65: =Movies!C65 -> Animation, Action, Adventure | C65: =IFERROR(__xludf.DUMMYFUNCTION("ARRAYFORMULA(TRIM(SPLIT(B65, "",""))) "),"Animation") -> Animation | D65: =IFERROR(__xludf.DUMMYFUNCTION("""COMPUTED_VALUE"""),"Action") -> Action | E65: =IFERROR(__xludf.DUMMYFUNCTION("""COMPUTED_VALUE"""),"Adventure") -> Adventure | J65: 6.4 | K65: =COUNTIFS(Movies[Final Score], "<" & J65, Movies[Final Score], ">=" & J64) -> 4 | S65: =IFERROR(__xludf.DUMMYFUNCTION("""COMPUTED_VALUE"""),45960.0) -> 45960 | T65: =COUNTIF(Movies!N:N, S65) -> 1 | U65: =SUM($T$2:T65) -> 207 | W65: =IFERROR(__xludf.DUMMYFUNCTION("""COMPUTED_VALUE"""),39266.0) -> 39266 | X65: =IFERROR(__xludf.DUMMYFUNCTION("FILTER( Movies!F65:F1000, DATEVALUE(Movies!B65:B1000) = W65 ) "),7.8) -> 7.8
B66: =Movies!C66 -> Action, Mystery, Sci-Fi | C66: =IFERROR(__xludf.DUMMYFUNCTION("ARRAYFORMULA(TRIM(SPLIT(B66, "",""))) "),"Action") -> Action | D66: =IFERROR(__xludf.DUMMYFUNCTION("""COMPUTED_VALUE"""),"Mystery") -> Mystery | E66: =IFERROR(__xludf.DUMMYFUNCTION("""COMPUTED_VALUE"""),"Sci-Fi") -> Sci-Fi | J66: 6.5 | K66: =COUNTIFS(Movies[Final Score], "<" & J66, Movies[Final Score], ">=" & J65) -> 5 | S66: =IFERROR(__xludf.DUMMYFUNCTION("""COMPUTED_VALUE"""),45965.0) -> 45965 | T66: =COUNTIF(Movies!N:N, S66) -> 1 | U66: =SUM($T$2:T66) -> 208 | W66: =IFERROR(__xludf.DUMMYFUNCTION("""COMPUTED_VALUE"""),39274.0) -> 39274 | X66: =IFERROR(__xludf.DUMMYFUNCTION("FILTER( Movies!F66:F1000, DATEVALUE(Movies!B66:B1000) = W66 ) "),7.8500000000000005) -> 7.85
B67: =Movies!C67 -> Action, Adventure, Sci-Fi | C67: =IFERROR(__xludf.DUMMYFUNCTION("ARRAYFORMULA(TRIM(SPLIT(B67, "",""))) "),"Action") -> Action | D67: =IFERROR(__xludf.DUMMYFUNCTION("""COMPUTED_VALUE"""),"Adventure") -> Adventure | E67: =IFERROR(__xludf.DUMMYFUNCTION("""COMPUTED_VALUE"""),"Sci-Fi") -> Sci-Fi | J67: 6.6 | K67: =COUNTIFS(Movies[Final Score], "<" & J67, Movies[Final Score], ">=" & J66) -> 4 | S67: =IFERROR(__xludf.DUMMYFUNCTION("""COMPUTED_VALUE"""),45968.0) -> 45968 | T67: =COUNTIF(Movies!N:N, S67) -> 1 | U67: =SUM($T$2:T67) -> 209 | W67: =IFERROR(__xludf.DUMMYFUNCTION("""COMPUTED_VALUE"""),39290.0) -> 39290 | X67: =IFERROR(__xludf.DUMMYFUNCTION("FILTER( Movies!F67:F1000, DATEVALUE(Movies!B67:B1000) = W67 ) "),6.699999999999999) -> 6.7
B68: =Movies!C68 -> Action, Drama, Sport | C68: =IFERROR(__xludf.DUMMYFUNCTION("ARRAYFORMULA(TRIM(SPLIT(B68, "",""))) "),"Action") -> Action | D68: =IFERROR(__xludf.DUMMYFUNCTION("""COMPUTED_VALUE"""),"Drama") -> Drama | E68: =IFERROR(__xludf.DUMMYFUNCTION("""COMPUTED_VALUE"""),"Sport") -> Sport | J68: 6.7 | K68: =COUNTIFS(Movies[Final Score], "<" & J68, Movies[Final Score], ">=" & J67) -> 7 | S68: =IFERROR(__xludf.DUMMYFUNCTION("""COMPUTED_VALUE"""),45973.0) -> 45973 | T68: =COUNTIF(Movies!N:N, S68) -> 1 | U68: =SUM($T$2:T68) -> 210 | W68: =IFERROR(__xludf.DUMMYFUNCTION("""COMPUTED_VALUE"""),39297.0) -> 39297 | X68: =IFERROR(__xludf.DUMMYFUNCTION("FILTER( Movies!F68:F1000, DATEVALUE(Movies!B68:B1000) = W68 ) "),7.833333333333335) -> 7.8333333
B69: =Movies!C69 -> Action, Adventure, Sci-Fi | C69: =IFERROR(__xludf.DUMMYFUNCTION("ARRAYFORMULA(TRIM(SPLIT(B69, "",""))) "),"Action") -> Action | D69: =IFERROR(__xludf.DUMMYFUNCTION("""COMPUTED_VALUE"""),"Adventure") -> Adventure | E69: =IFERROR(__xludf.DUMMYFUNCTION("""COMPUTED_VALUE"""),"Sci-Fi") -> Sci-Fi | J69: 6.8 | K69: =COUNTIFS(Movies[Final Score], "<" & J69, Movies[Final Score], ">=" & J68) -> 6 | S69: =IFERROR(__xludf.DUMMYFUNCTION("""COMPUTED_VALUE"""),45982.0) -> 45982 | T69: =COUNTIF(Movies!N:N, S69) -> 2 | U69: =SUM($T$2:T69) -> 212 | W69: =IFERROR(__xludf.DUMMYFUNCTION("""COMPUTED_VALUE"""),39374.0) -> 39374 | X69: =IFERROR(__xludf.DUMMYFUNCTION("FILTER( Movies!F69:F1000, DATEVALUE(Movies!B69:B1000) = W69 ) "),7.433333333333333) -> 7.4333333
B70: =Movies!C70 -> Action, Adventure, Comedy | C70: =IFERROR(__xludf.DUMMYFUNCTION("ARRAYFORMULA(TRIM(SPLIT(B70, "",""))) "),"Action") -> Action | D70: =IFERROR(__xludf.DUMMYFUNCTION("""COMPUTED_VALUE"""),"Adventure") -> Adventure | E70: =IFERROR(__xludf.DUMMYFUNCTION("""COMPUTED_VALUE"""),"Comedy") -> Comedy | J70: 6.9 | K70: =COUNTIFS(Movies[Final Score], "<" & J70, Movies[Final Score], ">=" & J69) -> 8 | S70: =IFERROR(__xludf.DUMMYFUNCTION("""COMPUTED_VALUE"""),45989.0) -> 45989 | T70: =COUNTIF(Movies!N:N, S70) -> 1 | U70: =SUM($T$2:T70) -> 213 | W70: =IFERROR(__xludf.DUMMYFUNCTION("""COMPUTED_VALUE"""),39399.0) -> 39399 | X70: =IFERROR(__xludf.DUMMYFUNCTION("FILTER( Movies!F70:F1000, DATEVALUE(Movies!B70:B1000) = W70 ) "),5.866666666666667) -> 5.8666667
B71: =Movies!C71 -> Drama, Mystery, Thriller | C71: =IFERROR(__xludf.DUMMYFUNCTION("ARRAYFORMULA(TRIM(SPLIT(B71, "",""))) "),"Drama") -> Drama | D71: =IFERROR(__xludf.DUMMYFUNCTION("""COMPUTED_VALUE"""),"Mystery") -> Mystery | E71: =IFERROR(__xludf.DUMMYFUNCTION("""COMPUTED_VALUE"""),"Thriller") -> Thriller | J71: 7 | K71: =COUNTIFS(Movies[Final Score], "<" & J71, Movies[Final Score], ">=" & J70) -> 9 | S71: =IFERROR(__xludf.DUMMYFUNCTION("""COMPUTED_VALUE"""),45992.0) -> 45992 | T71: =COUNTIF(Movies!N:N, S71) -> 1 | U71: =SUM($T$2:T71) -> 214 | W71: =IFERROR(__xludf.DUMMYFUNCTION("""COMPUTED_VALUE"""),39407.0) -> 39407 | X71: =IFERROR(__xludf.DUMMYFUNCTION("FILTER( Movies!F71:F1000, DATEVALUE(Movies!B71:B1000) = W71 ) "),7.966666666666666) -> 7.9666667
B72: =Movies!C72 -> Drama, Sci-Fi, Thriller | C72: =IFERROR(__xludf.DUMMYFUNCTION("ARRAYFORMULA(TRIM(SPLIT(B72, "",""))) "),"Drama") -> Drama | D72: =IFERROR(__xludf.DUMMYFUNCTION("""COMPUTED_VALUE"""),"Sci-Fi") -> Sci-Fi | E72: =IFERROR(__xludf.DUMMYFUNCTION("""COMPUTED_VALUE"""),"Thriller") -> Thriller | J72: 7.1 | K72: =COUNTIFS(Movies[Final Score], "<" & J72, Movies[Final Score], ">=" & J71) -> 13 | S72: =IFERROR(__xludf.DUMMYFUNCTION("""COMPUTED_VALUE"""),45996.0) -> 45996 | T72: =COUNTIF(Movies!N:N, S72) -> 1 | U72: =SUM($T$2:T72) -> 215 | W72: =IFERROR(__xludf.DUMMYFUNCTION("""COMPUTED_VALUE"""),39430.0) -> 39430 | X72: =IFERROR(__xludf.DUMMYFUNCTION("FILTER( Movies!F72:F1000, DATEVALUE(Movies!B72:B1000) = W72 ) "),6.5) -> 6.5
B73: =Movies!C73 -> Horror, Romance | C73: =IFERROR(__xludf.DUMMYFUNCTION("ARRAYFORMULA(TRIM(SPLIT(B73, "",""))) "),"Horror") -> Horror | D73: =IFERROR(__xludf.DUMMYFUNCTION("""COMPUTED_VALUE"""),"Romance") -> Romance | J73: 7.2 | K73: =COUNTIFS(Movies[Final Score], "<" & J73, Movies[Final Score], ">=" & J72) -> 7 | S73: =IFERROR(__xludf.DUMMYFUNCTION("""COMPUTED_VALUE"""),45997.0) -> 45997 | T73: =COUNTIF(Movies!N:N, S73) -> 1 | U73: =SUM($T$2:T73) -> 216 | W73: =IFERROR(__xludf.DUMMYFUNCTION("""COMPUTED_VALUE"""),39441.0) -> 39441 | X73: =IFERROR(__xludf.DUMMYFUNCTION("FILTER( Movies!F73:F1000, DATEVALUE(Movies!B73:B1000) = W73 ) "),7.833333333333333) -> 7.8333333
B74: =Movies!C74 -> Comedy, Horror, Thriller | C74: =IFERROR(__xludf.DUMMYFUNCTION("ARRAYFORMULA(TRIM(SPLIT(B74, "",""))) "),"Comedy") -> Comedy | D74: =IFERROR(__xludf.DUMMYFUNCTION("""COMPUTED_VALUE"""),"Horror") -> Horror | E74: =IFERROR(__xludf.DUMMYFUNCTION("""COMPUTED_VALUE"""),"Thriller") -> Thriller | J74: 7.3 | K74: =COUNTIFS(Movies[Final Score], "<" & J74, Movies[Final Score], ">=" & J73) -> 8 | S74: =IFERROR(__xludf.DUMMYFUNCTION("""COMPUTED_VALUE"""),45998.0) -> 45998 | T74: =COUNTIF(Movies!N:N, S74) -> 1 | U74: =SUM($T$2:T74) -> 217 | W74: =IFERROR(__xludf.DUMMYFUNCTION("""COMPUTED_VALUE"""),39507.0) -> 39507 | X74: =IFERROR(__xludf.DUMMYFUNCTION("FILTER( Movies!F74:F1000, DATEVALUE(Movies!B74:B1000) = W74 ) "),6.166666666666667) -> 6.1666667
B75: =Movies!C75 -> Drama | C75: =IFERROR(__xludf.DUMMYFUNCTION("ARRAYFORMULA(TRIM(SPLIT(B75, "",""))) "),"Drama") -> Drama | J75: 7.4 | K75: =COUNTIFS(Movies[Final Score], "<" & J75, Movies[Final Score], ">=" & J74) -> 7 | S75: =IFERROR(__xludf.DUMMYFUNCTION("""COMPUTED_VALUE"""),45999.0) -> 45999 | T75: =COUNTIF(Movies!N:N, S75) -> 1 | U75: =SUM($T$2:T75) -> 218 | W75: =IFERROR(__xludf.DUMMYFUNCTION("""COMPUTED_VALUE"""),39570.0) -> 39570 | X75: =IFERROR(__xludf.DUMMYFUNCTION("FILTER( Movies!F75:F1000, DATEVALUE(Movies!B75:B1000) = W75 ) "),7.583333333333333) -> 7.5833333
B76: =Movies!C76 -> Action, Sci-Fi | C76: =IFERROR(__xludf.DUMMYFUNCTION("ARRAYFORMULA(TRIM(SPLIT(B76, "",""))) "),"Action") -> Action | D76: =IFERROR(__xludf.DUMMYFUNCTION("""COMPUTED_VALUE"""),"Sci-Fi") -> Sci-Fi | J76: 7.5 | K76: =COUNTIFS(Movies[Final Score], "<" & J76, Movies[Final Score], ">=" & J75) -> 8 | S76: =IFERROR(__xludf.DUMMYFUNCTION("""COMPUTED_VALUE"""),46010.0) -> 46010 | T76: =COUNTIF(Movies!N:N, S76) -> 2 | U76: =SUM($T$2:T76) -> 220 | W76: =IFERROR(__xludf.DUMMYFUNCTION("""COMPUTED_VALUE"""),39631.0) -> 39631 | X76: =IFERROR(__xludf.DUMMYFUNCTION("FILTER( Movies!F76:F1000, DATEVALUE(Movies!B76:B1000) = W76 ) "),6.349999999999999) -> 6.35
B77: =Movies!C77 -> Action, Adventure, Sci-Fi | C77: =IFERROR(__xludf.DUMMYFUNCTION("ARRAYFORMULA(TRIM(SPLIT(B77, "",""))) "),"Action") -> Action | D77: =IFERROR(__xludf.DUMMYFUNCTION("""COMPUTED_VALUE"""),"Adventure") -> Adventure | E77: =IFERROR(__xludf.DUMMYFUNCTION("""COMPUTED_VALUE"""),"Sci-Fi") -> Sci-Fi | J77: 7.6 | K77: =COUNTIFS(Movies[Final Score], "<" & J77, Movies[Final Score], ">=" & J76) -> 7 | S77: =IFERROR(__xludf.DUMMYFUNCTION("""COMPUTED_VALUE"""),46012.0) -> 46012 | T77: =COUNTIF(Movies!N:N, S77) -> 1 | U77: =SUM($T$2:T77) -> 221 | W77: =IFERROR(__xludf.DUMMYFUNCTION("""COMPUTED_VALUE"""),39647.0) -> 39647 | X77: =IFERROR(__xludf.DUMMYFUNCTION("FILTER( Movies!F77:F1000, DATEVALUE(Movies!B77:B1000) = W77 ) "),"#N/A") -> #N/A
B78: =Movies!C78 -> Adventure, Drama, Sci-Fi | C78: =IFERROR(__xludf.DUMMYFUNCTION("ARRAYFORMULA(TRIM(SPLIT(B78, "",""))) "),"Adventure") -> Adventure | D78: =IFERROR(__xludf.DUMMYFUNCTION("""COMPUTED_VALUE"""),"Drama") -> Drama | E78: =IFERROR(__xludf.DUMMYFUNCTION("""COMPUTED_VALUE"""),"Sci-Fi") -> Sci-Fi | J78: 7.7 | K78: =COUNTIFS(Movies[Final Score], "<" & J78, Movies[Final Score], ">=" & J77) -> 7 | S78: =IFERROR(__xludf.DUMMYFUNCTION("""COMPUTED_VALUE"""),46013.0) -> 46013 | T78: =COUNTIF(Movies!N:N, S78) -> 1 | U78: =SUM($T$2:T78) -> 222 | W78: =IFERROR(__xludf.DUMMYFUNCTION("""COMPUTED_VALUE"""),39766.0) -> 39766 | X78: =IFERROR(__xludf.DUMMYFUNCTION("FILTER( Movies!F78:F1000, DATEVALUE(Movies!B78:B1000) = W78 ) "),7.466666666666668) -> 7.4666667
B79: =Movies!C79 -> Animation, Adventure, Family | C79: =IFERROR(__xludf.DUMMYFUNCTION("ARRAYFORMULA(TRIM(SPLIT(B79, "",""))) "),"Animation") -> Animation | D79: =IFERROR(__xludf.DUMMYFUNCTION("""COMPUTED_VALUE"""),"Adventure") -> Adventure | E79: =IFERROR(__xludf.DUMMYFUNCTION("""COMPUTED_VALUE"""),"Family") -> Family | J79: 7.8 | K79: =COUNTIFS(Movies[Final Score], "<" & J79, Movies[Final Score], ">=" & J78) -> 6 | S79: =IFERROR(__xludf.DUMMYFUNCTION("""COMPUTED_VALUE"""),46023.0) -> 46023 | T79: =COUNTIF(Movies!N:N, S79) -> 1 | U79: =SUM($T$2:T79) -> 223 | W79: =IFERROR(__xludf.DUMMYFUNCTION("""COMPUTED_VALUE"""),39836.0) -> 39836 | X79: =IFERROR(__xludf.DUMMYFUNCTION("FILTER( Movies!F79:F1000, DATEVALUE(Movies!B79:B1000) = W79 ) "),5.516666666666666) -> 5.5166667
B80: =Movies!C80 -> Action, Adventure, Comedy | C80: =IFERROR(__xludf.DUMMYFUNCTION("ARRAYFORMULA(TRIM(SPLIT(B80, "",""))) "),"Action") -> Action | D80: =IFERROR(__xludf.DUMMYFUNCTION("""COMPUTED_VALUE"""),"Adventure") -> Adventure | E80: =IFERROR(__xludf.DUMMYFUNCTION("""COMPUTED_VALUE"""),"Comedy") -> Comedy | J80: 7.9 | K80: =COUNTIFS(Movies[Final Score], "<" & J80, Movies[Final Score], ">=" & J79) -> 19 | S80: =IFERROR(__xludf.DUMMYFUNCTION("""COMPUTED_VALUE"""),46027.0) -> 46027 | T80: =COUNTIF(Movies!N:N, S80) -> 4 | U80: =SUM($T$2:T80) -> 227 | W80: =IFERROR(__xludf.DUMMYFUNCTION("""COMPUTED_VALUE"""),39988.0) -> 39988 | X80: =IFERROR(__xludf.DUMMYFUNCTION("FILTER( Movies!F80:F1000, DATEVALUE(Movies!B80:B1000) = W80 ) "),6.9333333333333345) -> 6.9333333
B81: =Movies!C81 -> Action, Adventure, Thriller | C81: =IFERROR(__xludf.DUMMYFUNCTION("ARRAYFORMULA(TRIM(SPLIT(B81, "",""))) "),"Action") -> Action | D81: =IFERROR(__xludf.DUMMYFUNCTION("""COMPUTED_VALUE"""),"Adventure") -> Adventure | E81: =IFERROR(__xludf.DUMMYFUNCTION("""COMPUTED_VALUE"""),"Thriller") -> Thriller | J81: 8 | K81: =COUNTIFS(Movies[Final Score], "<" & J81, Movies[Final Score], ">=" & J80) -> 12 | S81: =IFERROR(__xludf.DUMMYFUNCTION("""COMPUTED_VALUE"""),46038.0) -> 46038 | T81: =COUNTIF(Movies!N:N, S81) -> 1 | U81: =SUM($T$2:T81) -> 228 | W81: =IFERROR(__xludf.DUMMYFUNCTION("""COMPUTED_VALUE"""),40009.0) -> 40009 | X81: =IFERROR(__xludf.DUMMYFUNCTION("FILTER( Movies!F81:F1000, DATEVALUE(Movies!B81:B1000) = W81 ) "),7.8500000000000005) -> 7.85
B82: =Movies!C82 -> Adventure, Family, Fantasy | C82: =IFERROR(__xludf.DUMMYFUNCTION("ARRAYFORMULA(TRIM(SPLIT(B82, "",""))) "),"Adventure") -> Adventure | D82: =IFERROR(__xludf.DUMMYFUNCTION("""COMPUTED_VALUE"""),"Family") -> Family | E82: =IFERROR(__xludf.DUMMYFUNCTION("""COMPUTED_VALUE"""),"Fantasy") -> Fantasy | J82: 8.1 | K82: =COUNTIFS(Movies[Final Score], "<" & J82, Movies[Final Score], ">=" & J81) -> 18 | S82: =IFERROR(__xludf.DUMMYFUNCTION("""COMPUTED_VALUE"""),46039.0) -> 46039 | T82: =COUNTIF(Movies!N:N, S82) -> 1 | U82: =SUM($T$2:T82) -> 229 | W82: =IFERROR(__xludf.DUMMYFUNCTION("""COMPUTED_VALUE"""),40053.0) -> 40053 | X82: =IFERROR(__xludf.DUMMYFUNCTION("FILTER( Movies!F82:F1000, DATEVALUE(Movies!B82:B1000) = W82 ) "),5.249999999999999) -> 5.25
B83: =Movies!C83 -> Action, Drama, Sci-Fi | C83: =IFERROR(__xludf.DUMMYFUNCTION("ARRAYFORMULA(TRIM(SPLIT(B83, "",""))) "),"Action") -> Action | D83: =IFERROR(__xludf.DUMMYFUNCTION("""COMPUTED_VALUE"""),"Drama") -> Drama | E83: =IFERROR(__xludf.DUMMYFUNCTION("""COMPUTED_VALUE"""),"Sci-Fi") -> Sci-Fi | J83: 8.2 | K83: =COUNTIFS(Movies[Final Score], "<" & J83, Movies[Final Score], ">=" & J82) -> 12 | S83: =IFERROR(__xludf.DUMMYFUNCTION("""COMPUTED_VALUE"""),46041.0) -> 46041 | T83: =COUNTIF(Movies!N:N, S83) -> 1 | U83: =SUM($T$2:T83) -> 230 | W83: =IFERROR(__xludf.DUMMYFUNCTION("""COMPUTED_VALUE"""),40067.0) -> 40067 | X83: =IFERROR(__xludf.DUMMYFUNCTION("FILTER( Movies!F83:F1000, DATEVALUE(Movies!B83:B1000) = W83 ) "),3.516666666666667) -> 3.5166667
B84: =Movies!C84 -> Action, Adventure, Sci-Fi | C84: =IFERROR(__xludf.DUMMYFUNCTION("ARRAYFORMULA(TRIM(SPLIT(B84, "",""))) "),"Action") -> Action | D84: =IFERROR(__xludf.DUMMYFUNCTION("""COMPUTED_VALUE"""),"Adventure") -> Adventure | E84: =IFERROR(__xludf.DUMMYFUNCTION("""COMPUTED_VALUE"""),"Sci-Fi") -> Sci-Fi | J84: 8.3 | K84: =COUNTIFS(Movies[Final Score], "<" & J84, Movies[Final Score], ">=" & J83) -> 4 | S84: =IFERROR(__xludf.DUMMYFUNCTION("""COMPUTED_VALUE"""),46042.0) -> 46042 | T84: =COUNTIF(Movies!N:N, S84) -> 1 | U84: =SUM($T$2:T84) -> 231 | W84: =IFERROR(__xludf.DUMMYFUNCTION("""COMPUTED_VALUE"""),40074.0) -> 40074 | X84: =IFERROR(__xludf.DUMMYFUNCTION("FILTER( Movies!F84:F1000, DATEVALUE(Movies!B84:B1000) = W84 ) "),6.833333333333333) -> 6.8333333
B85: =Movies!C85 -> Adventure, Family, Fantasy | C85: =IFERROR(__xludf.DUMMYFUNCTION("ARRAYFORMULA(TRIM(SPLIT(B85, "",""))) "),"Adventure") -> Adventure | D85: =IFERROR(__xludf.DUMMYFUNCTION("""COMPUTED_VALUE"""),"Family") -> Family | E85: =IFERROR(__xludf.DUMMYFUNCTION("""COMPUTED_VALUE"""),"Fantasy") -> Fantasy | J85: 8.4 | K85: =COUNTIFS(Movies[Final Score], "<" & J85, Movies[Final Score], ">=" & J84) -> 4 | S85: =IFERROR(__xludf.DUMMYFUNCTION("""COMPUTED_VALUE"""),46043.0) -> 46043 | T85: =COUNTIF(Movies!N:N, S85) -> 3 | U85: =SUM($T$2:T85) -> 234 | W85: =IFERROR(__xludf.DUMMYFUNCTION("""COMPUTED_VALUE"""),40165.0) -> 40165 | X85: =IFERROR(__xludf.DUMMYFUNCTION("FILTER( Movies!F85:F1000, DATEVALUE(Movies!B85:B1000) = W85 ) "),8.116666666666665) -> 8.1166667
B86: =Movies!C86 -> Animation, Adventure, Comedy | C86: =IFERROR(__xludf.DUMMYFUNCTION("ARRAYFORMULA(TRIM(SPLIT(B86, "",""))) "),"Animation") -> Animation | D86: =IFERROR(__xludf.DUMMYFUNCTION("""COMPUTED_VALUE"""),"Adventure") -> Adventure | E86: =IFERROR(__xludf.DUMMYFUNCTION("""COMPUTED_VALUE"""),"Comedy") -> Comedy | J86: 8.5 | K86: =COUNTIFS(Movies[Final Score], "<" & J86, Movies[Final Score], ">=" & J85) -> 10 | S86: =IFERROR(__xludf.DUMMYFUNCTION("""COMPUTED_VALUE"""),46049.0) -> 46049 | T86: =COUNTIF(Movies!N:N, S86) -> 1 | U86: =SUM($T$2:T86) -> 235 | W86: =IFERROR(__xludf.DUMMYFUNCTION("""COMPUTED_VALUE"""),40221.0) -> 40221 | X86: =IFERROR(__xludf.DUMMYFUNCTION("FILTER( Movies!F86:F1000, DATEVALUE(Movies!B86:B1000) = W86 ) "),7.733333333333333) -> 7.7333333
B87: =Movies!C87 -> Horror, Sci-Fi, Thriller | C87: =IFERROR(__xludf.DUMMYFUNCTION("ARRAYFORMULA(TRIM(SPLIT(B87, "",""))) "),"Horror") -> Horror | D87: =IFERROR(__xludf.DUMMYFUNCTION("""COMPUTED_VALUE"""),"Sci-Fi") -> Sci-Fi | E87: =IFERROR(__xludf.DUMMYFUNCTION("""COMPUTED_VALUE"""),"Thriller") -> Thriller | J87: 8.6 | K87: =COUNTIFS(Movies[Final Score], "<" & J87, Movies[Final Score], ">=" & J86) -> 3 | S87: =IFERROR(__xludf.DUMMYFUNCTION("""COMPUTED_VALUE"""),46054.0) -> 46054 | T87: =COUNTIF(Movies!N:N, S87) -> 1 | U87: =SUM($T$2:T87) -> 236 | W87: =IFERROR(__xludf.DUMMYFUNCTION("""COMPUTED_VALUE"""),40228.0) -> 40228 | X87: =IFERROR(__xludf.DUMMYFUNCTION("FILTER( Movies!F87:F1000, DATEVALUE(Movies!B87:B1000) = W87 ) "),"#N/A") -> #N/A
B88: =Movies!C88 -> Action, Adventure, Fantasy | C88: =IFERROR(__xludf.DUMMYFUNCTION("ARRAYFORMULA(TRIM(SPLIT(B88, "",""))) "),"Action") -> Action | D88: =IFERROR(__xludf.DUMMYFUNCTION("""COMPUTED_VALUE"""),"Adventure") -> Adventure | E88: =IFERROR(__xludf.DUMMYFUNCTION("""COMPUTED_VALUE"""),"Fantasy") -> Fantasy | J88: 8.7 | K88: =COUNTIFS(Movies[Final Score], "<" & J88, Movies[Final Score], ">=" & J87) -> 13 | S88: =IFERROR(__xludf.DUMMYFUNCTION("""COMPUTED_VALUE"""),46057.0) -> 46057 | T88: =COUNTIF(Movies!N:N, S88) -> 1 | U88: =SUM($T$2:T88) -> 237 | W88: =IFERROR(__xludf.DUMMYFUNCTION("""COMPUTED_VALUE"""),40263.0) -> 40263 | X88: =IFERROR(__xludf.DUMMYFUNCTION("FILTER( Movies!F88:F1000, DATEVALUE(Movies!B88:B1000) = W88 ) "),"#N/A") -> #N/A
B89: =Movies!C89 -> Action, Crime, Drama | C89: =IFERROR(__xludf.DUMMYFUNCTION("ARRAYFORMULA(TRIM(SPLIT(B89, "",""))) "),"Action") -> Action | D89: =IFERROR(__xludf.DUMMYFUNCTION("""COMPUTED_VALUE"""),"Crime") -> Crime | E89: =IFERROR(__xludf.DUMMYFUNCTION("""COMPUTED_VALUE"""),"Drama") -> Drama | J89: 8.8 | K89: =COUNTIFS(Movies[Final Score], "<" & J89, Movies[Final Score], ">=" & J88) -> 4 | S89: =IFERROR(__xludf.DUMMYFUNCTION("""COMPUTED_VALUE"""),46070.0) -> 46070 | T89: =COUNTIF(Movies!N:N, S89) -> 1 | U89: =SUM($T$2:T89) -> 238 | W89: =IFERROR(__xludf.DUMMYFUNCTION("""COMPUTED_VALUE"""),40305.0) -> 40305 | X89: =IFERROR(__xludf.DUMMYFUNCTION("FILTER( Movies!F89:F1000, DATEVALUE(Movies!B89:B1000) = W89 ) "),6.183333333333333) -> 6.1833333
B90: =Movies!C90 -> Action, Adventure, Fantasy | C90: =IFERROR(__xludf.DUMMYFUNCTION("ARRAYFORMULA(TRIM(SPLIT(B90, "",""))) "),"Action") -> Action | D90: =IFERROR(__xludf.DUMMYFUNCTION("""COMPUTED_VALUE"""),"Adventure") -> Adventure | E90: =IFERROR(__xludf.DUMMYFUNCTION("""COMPUTED_VALUE"""),"Fantasy") -> Fantasy | J90: 8.9 | K90: =COUNTIFS(Movies[Final Score], "<" & J90, Movies[Final Score], ">=" & J89) -> 7 | S90: =IFERROR(__xludf.DUMMYFUNCTION("""COMPUTED_VALUE"""),46072.0) -> 46072 | T90: =COUNTIF(Movies!N:N, S90) -> 1 | U90: =SUM($T$2:T90) -> 239 | W90: =IFERROR(__xludf.DUMMYFUNCTION("""COMPUTED_VALUE"""),40375.0) -> 40375 | X90: =IFERROR(__xludf.DUMMYFUNCTION("FILTER( Movies!F90:F1000, DATEVALUE(Movies!B90:B1000) = W90 ) "),"#N/A") -> #N/A
B91: =Movies!C91 -> Horror, Mystery, Thriller | C91: =IFERROR(__xludf.DUMMYFUNCTION("ARRAYFORMULA(TRIM(SPLIT(B91, "",""))) "),"Horror") -> Horror | D91: =IFERROR(__xludf.DUMMYFUNCTION("""COMPUTED_VALUE"""),"Mystery") -> Mystery | E91: =IFERROR(__xludf.DUMMYFUNCTION("""COMPUTED_VALUE"""),"Thriller") -> Thriller | J91: 9 | K91: =COUNTIFS(Movies[Final Score], "<" & J91, Movies[Final Score], ">=" & J90) -> 4 | S91: =IFERROR(__xludf.DUMMYFUNCTION("""COMPUTED_VALUE"""),46076.0) -> 46076 | T91: =COUNTIF(Movies!N:N, S91) -> 1 | U91: =SUM($T$2:T91) -> 240 | W91: =IFERROR(__xludf.DUMMYFUNCTION("""COMPUTED_VALUE"""),40529.0) -> 40529 | X91: =IFERROR(__xludf.DUMMYFUNCTION("FILTER( Movies!F91:F1000, DATEVALUE(Movies!B91:B1000) = W91 ) "),"#N/A") -> #N/A
B92: =Movies!C92 -> Action, Adventure, Sci-Fi | C92: =IFERROR(__xludf.DUMMYFUNCTION("ARRAYFORMULA(TRIM(SPLIT(B92, "",""))) "),"Action") -> Action | D92: =IFERROR(__xludf.DUMMYFUNCTION("""COMPUTED_VALUE"""),"Adventure") -> Adventure | E92: =IFERROR(__xludf.DUMMYFUNCTION("""COMPUTED_VALUE"""),"Sci-Fi") -> Sci-Fi | J92: 9.1 | K92: =COUNTIFS(Movies[Final Score], "<" & J92, Movies[Final Score], ">=" & J91) -> 6 | S92: =IFERROR(__xludf.DUMMYFUNCTION("""COMPUTED_VALUE"""),46078.0) -> 46078 | T92: =COUNTIF(Movies!N:N, S92) -> 1 | U92: =SUM($T$2:T92) -> 241 | W92: =IFERROR(__xludf.DUMMYFUNCTION("""COMPUTED_VALUE"""),40603.0) -> 40603 | X92: =IFERROR(__xludf.DUMMYFUNCTION("FILTER( Movies!F92:F1000, DATEVALUE(Movies!B92:B1000) = W92 ) "),6.733333333333333) -> 6.7333333
B93: =Movies!C93 -> Action, Adventure, Drama | C93: =IFERROR(__xludf.DUMMYFUNCTION("ARRAYFORMULA(TRIM(SPLIT(B93, "",""))) "),"Action") -> Action | D93: =IFERROR(__xludf.DUMMYFUNCTION("""COMPUTED_VALUE"""),"Adventure") -> Adventure | E93: =IFERROR(__xludf.DUMMYFUNCTION("""COMPUTED_VALUE"""),"Drama") -> Drama | J93: 9.2 | K93: =COUNTIFS(Movies[Final Score], "<" & J93, Movies[Final Score], ">=" & J92) -> 1 | S93: =IFERROR(__xludf.DUMMYFUNCTION("""COMPUTED_VALUE"""),46079.0) -> 46079 | T93: =COUNTIF(Movies!N:N, S93) -> 2 | U93: =SUM($T$2:T93) -> 243 | W93: =IFERROR(__xludf.DUMMYFUNCTION("""COMPUTED_VALUE"""),40606.0) -> 40606 | X93: =IFERROR(__xludf.DUMMYFUNCTION("FILTER( Movies!F93:F1000, DATEVALUE(Movies!B93:B1000) = W93 ) "),7.416666666666667) -> 7.4166667
B94: =Movies!C94 -> Drama, Thriller | C94: =IFERROR(__xludf.DUMMYFUNCTION("ARRAYFORMULA(TRIM(SPLIT(B94, "",""))) "),"Drama") -> Drama | D94: =IFERROR(__xludf.DUMMYFUNCTION("""COMPUTED_VALUE"""),"Thriller") -> Thriller | J94: 9.3 | K94: =COUNTIFS(Movies[Final Score], "<" & J94, Movies[Final Score], ">=" & J93) -> 11 | S94: =IFERROR(__xludf.DUMMYFUNCTION("""COMPUTED_VALUE"""),46080.0) -> 46080 | T94: =COUNTIF(Movies!N:N, S94) -> 1 | U94: =SUM($T$2:T94) -> 244 | W94: =IFERROR(__xludf.DUMMYFUNCTION("""COMPUTED_VALUE"""),40669.0) -> 40669 | X94: =IFERROR(__xludf.DUMMYFUNCTION("FILTER( Movies!F94:F1000, DATEVALUE(Movies!B94:B1000) = W94 ) "),6.1499999999999995) -> 6.15
B95: =Movies!C95 -> Animation, Adventure, Comedy | C95: =IFERROR(__xludf.DUMMYFUNCTION("ARRAYFORMULA(TRIM(SPLIT(B95, "",""))) "),"Animation") -> Animation | D95: =IFERROR(__xludf.DUMMYFUNCTION("""COMPUTED_VALUE"""),"Adventure") -> Adventure | E95: =IFERROR(__xludf.DUMMYFUNCTION("""COMPUTED_VALUE"""),"Comedy") -> Comedy | J95: 9.4 | K95: =COUNTIFS(Movies[Final Score], "<" & J95, Movies[Final Score], ">=" & J94) -> 1 | S95: =IFERROR(__xludf.DUMMYFUNCTION("""COMPUTED_VALUE"""),46081.0) -> 46081 | T95: =COUNTIF(Movies!N:N, S95) -> 3 | U95: =SUM($T$2:T95) -> 247 | W95: =IFERROR(__xludf.DUMMYFUNCTION("""COMPUTED_VALUE"""),40718.0) -> 40718 | X95: =IFERROR(__xludf.DUMMYFUNCTION("FILTER( Movies!F95:F1000, DATEVALUE(Movies!B95:B1000) = W95 ) "),6.7) -> 6.7
B96: =Movies!C96 -> Action, Drama, History | C96: =IFERROR(__xludf.DUMMYFUNCTION("ARRAYFORMULA(TRIM(SPLIT(B96, "",""))) "),"Action") -> Action | D96: =IFERROR(__xludf.DUMMYFUNCTION("""COMPUTED_VALUE"""),"Drama") -> Drama | E96: =IFERROR(__xludf.DUMMYFUNCTION("""COMPUTED_VALUE"""),"History") -> History | J96: 9.5 | K96: =COUNTIFS(Movies[Final Score], "<" & J96, Movies[Final Score], ">=" & J95) -> 3 | S96: =IFERROR(__xludf.DUMMYFUNCTION("""COMPUTED_VALUE"""),46082.0) -> 46082 | T96: =COUNTIF(Movies!N:N, S96) -> 2 | U96: =SUM($T$2:T96) -> 249 | W96: =IFERROR(__xludf.DUMMYFUNCTION("""COMPUTED_VALUE"""),40723.0) -> 40723 | X96: =IFERROR(__xludf.DUMMYFUNCTION("FILTER( Movies!F96:F1000, DATEVALUE(Movies!B96:B1000) = W96 ) "),7.2) -> 7.2
B97: =Movies!C97 -> Action, Adventure, Drama | C97: =IFERROR(__xludf.DUMMYFUNCTION("ARRAYFORMULA(TRIM(SPLIT(B97, "",""))) "),"Action") -> Action | D97: =IFERROR(__xludf.DUMMYFUNCTION("""COMPUTED_VALUE"""),"Adventure") -> Adventure | E97: =IFERROR(__xludf.DUMMYFUNCTION("""COMPUTED_VALUE"""),"Drama") -> Drama | J97: 9.6 | K97: =COUNTIFS(Movies[Final Score], "<" & J97, Movies[Final Score], ">=" & J96) -> 2 | S97: =IFERROR(__xludf.DUMMYFUNCTION("""COMPUTED_VALUE"""),46085.0) -> 46085 | T97: =COUNTIF(Movies!N:N, S97) -> 1 | U97: =SUM($T$2:T97) -> 250 | W97: =IFERROR(__xludf.DUMMYFUNCTION("""COMPUTED_VALUE"""),40739.0) -> 40739 | X97: =IFERROR(__xludf.DUMMYFUNCTION("FILTER( Movies!F97:F1000, DATEVALUE(Movies!B97:B1000) = W97 ) "),"#N/A") -> #N/A
B98: =Movies!C98 -> Action, Adventure, Sci-Fi | C98: =IFERROR(__xludf.DUMMYFUNCTION("ARRAYFORMULA(TRIM(SPLIT(B98, "",""))) "),"Action") -> Action | D98: =IFERROR(__xludf.DUMMYFUNCTION("""COMPUTED_VALUE"""),"Adventure") -> Adventure | E98: =IFERROR(__xludf.DUMMYFUNCTION("""COMPUTED_VALUE"""),"Sci-Fi") -> Sci-Fi | J98: 9.7 | K98: =COUNTIFS(Movies[Final Score], "<" & J98, Movies[Final Score], ">=" & J97) -> 2 | S98: =IFERROR(__xludf.DUMMYFUNCTION("""COMPUTED_VALUE"""),46086.0) -> 46086 | T98: =COUNTIF(Movies!N:N, S98) -> 1 | U98: =SUM($T$2:T98) -> 251 | W98: =IFERROR(__xludf.DUMMYFUNCTION("""COMPUTED_VALUE"""),40746.0) -> 40746 | X98: =IFERROR(__xludf.DUMMYFUNCTION("FILTER( Movies!F98:F1000, DATEVALUE(Movies!B98:B1000) = W98 ) "),7.25) -> 7.25
B99: =Movies!C99 -> Action, Adventure, Fantasy | C99: =IFERROR(__xludf.DUMMYFUNCTION("ARRAYFORMULA(TRIM(SPLIT(B99, "",""))) "),"Action") -> Action | D99: =IFERROR(__xludf.DUMMYFUNCTION("""COMPUTED_VALUE"""),"Adventure") -> Adventure | E99: =IFERROR(__xludf.DUMMYFUNCTION("""COMPUTED_VALUE"""),"Fantasy") -> Fantasy | J99: 9.8 | K99: =COUNTIFS(Movies[Final Score], "<" & J99, Movies[Final Score], ">=" & J98) -> 0 | S99: =IFERROR(__xludf.DUMMYFUNCTION("""COMPUTED_VALUE"""),46088.0) -> 46088 | T99: =COUNTIF(Movies!N:N, S99) -> 1 | U99: =SUM($T$2:T99) -> 252 | W99: =IFERROR(__xludf.DUMMYFUNCTION("""COMPUTED_VALUE"""),40760.0) -> 40760 | X99: =IFERROR(__xludf.DUMMYFUNCTION("FILTER( Movies!F99:F1000, DATEVALUE(Movies!B99:B1000) = W99 ) "),7.866666666666666) -> 7.8666667
B100: =Movies!C100 -> Drama, Horror, Sci-Fi | C100: =IFERROR(__xludf.DUMMYFUNCTION("ARRAYFORMULA(TRIM(SPLIT(B100, "",""))) "),"Drama") -> Drama | D100: =IFERROR(__xludf.DUMMYFUNCTION("""COMPUTED_VALUE"""),"Horror") -> Horror | E100: =IFERROR(__xludf.DUMMYFUNCTION("""COMPUTED_VALUE"""),"Sci-Fi") -> Sci-Fi | J100: 9.9 | K100: =COUNTIFS(Movies[Final Score], "<" & J100, Movies[Final Score], ">=" & J99) -> 2 | S100: =IFERROR(__xludf.DUMMYFUNCTION("""COMPUTED_VALUE"""),46089.0) -> 46089 | T100: =COUNTIF(Movies!N:N, S100) -> 1 | U100: =SUM($T$2:T100) -> 253 | W100: =IFERROR(__xludf.DUMMYFUNCTION("""COMPUTED_VALUE"""),40767.0) -> 40767 | X100: =IFERROR(__xludf.DUMMYFUNCTION("FILTER( Movies!F100:F1000, DATEVALUE(Movies!B100:B1000) = W100 ) "),6.166666666666667) -> 6.1666667
...
